,date,stock_id,HoldingSharesLevel,people,percent,unit
0,2024-09-06,2330,1-999,1087779,0.64,167863721
1,2024-09-06,2330,"1,000-5,000",376201,2.77,720377701
2,2024-09-06,2330,"5,001-10,000",43968,1.22,318136411
3,2024-09-06,2330,"10,001-15,000",14925,0.7,184054744
4,2024-09-06,2330,"15,001-20,000",6988,0.47,123543812
5,2024-09-06,2330,"20,001-30,000",6935,0.65,169956205
6,2024-09-06,2330,"30,001-40,000",3262,0.43,113246367
7,2024-09-06,2330,"40,001-50,000",1943,0.33,87837874
8,2024-09-06,2330,"50,001-100,000",3820,1.03,267168494
9,2024-09-06,2330,"100,001-200,000",1930,1.03,268651902
10,2024-09-06,2330,"200,001-400,000",1260,1.36,354063886
11,2024-09-06,2330,"400,001-600,000",532,1.0,260702019
12,2024-09-06,2330,"600,001-800,000",328,0.87,228123073
13,2024-09-06,2330,"800,001-1,000,000",210,0.73,189461570
14,2024-09-06,2330,"more than 1,000,001",1545,86.68,22480457068
15,2024-09-06,2330,差異數調整（說明4）,1,-0.0,-566
16,2024-09-06,2330,total,1551626,100.0,25933644281
17,2024-09-13,2330,1-999,1081244,0.64,167375496
18,2024-09-13,2330,"1,000-5,000",373245,2.75,715081263
19,2024-09-13,2330,"5,001-10,000",43741,1.22,316537415
20,2024-09-13,2330,"10,001-15,000",14876,0.7,183342422
21,2024-09-13,2330,"15,001-20,000",6976,0.47,123296574
22,2024-09-13,2330,"20,001-30,000",6947,0.65,170381265
23,2024-09-13,2330,"30,001-40,000",3236,0.43,112367611
24,2024-09-13,2330,"40,001-50,000",1940,0.33,87682497
25,2024-09-13,2330,"50,001-100,000",3806,1.02,265871060
26,2024-09-13,2330,"100,001-200,000",1942,1.04,270304731
27,2024-09-13,2330,"200,001-400,000",1256,1.36,352716937
28,2024-09-13,2330,"400,001-600,000",539,1.02,264537141
29,2024-09-13,2330,"600,001-800,000",316,0.84,219881022
30,2024-09-13,2330,"800,001-1,000,000",210,0.72,188932154
31,2024-09-13,2330,"more than 1,000,001",1546,86.74,22492076651
32,2024-09-13,2330,差異數調整（說明4）,4,-0.0,-3997
33,2024-09-13,2330,total,1541820,100.0,25930380242
34,2024-09-20,2330,1-999,1066869,0.63,165386275
35,2024-09-20,2330,"1,000-5,000",369156,2.72,707810502
36,2024-09-20,2330,"5,001-10,000",43404,1.21,314172948
37,2024-09-20,2330,"10,001-15,000",14801,0.7,182456372
38,2024-09-20,2330,"15,001-20,000",6935,0.47,122641623
39,2024-09-20,2330,"20,001-30,000",6918,0.65,169654813
40,2024-09-20,2330,"30,001-40,000",3231,0.43,112155841
41,2024-09-20,2330,"40,001-50,000",1931,0.33,87299535
42,2024-09-20,2330,"50,001-100,000",3804,1.02,265880581
43,2024-09-20,2330,"100,001-200,000",1932,1.03,268882603
44,2024-09-20,2330,"200,001-400,000",1253,1.35,351647631
45,2024-09-20,2330,"400,001-600,000",541,1.02,265060795
46,2024-09-20,2330,"600,001-800,000",314,0.84,218319411
47,2024-09-20,2330,"800,001-1,000,000",210,0.72,189120306
48,2024-09-20,2330,"more than 1,000,001",1552,86.8,22509894006
49,2024-09-20,2330,差異數調整（說明4）,2,-0.0,-3000
50,2024-09-20,2330,total,1522851,100.0,25930380242
51,2024-09-27,2330,1-999,1015398,0.6,157164478
52,2024-09-27,2330,"1,000-5,000",353432,2.61,677970693
53,2024-09-27,2330,"5,001-10,000",42173,1.17,305234703
54,2024-09-27,2330,"10,001-15,000",14462,0.68,178232927
55,2024-09-27,2330,"15,001-20,000",6835,0.46,120828982
56,2024-09-27,2330,"20,001-30,000",6812,0.64,166906744
57,2024-09-27,2330,"30,001-40,000",3200,0.42,111069677
58,2024-09-27,2330,"40,001-50,000",1898,0.33,85811777
59,2024-09-27,2330,"50,001-100,000",3769,1.01,263888200
60,2024-09-27,2330,"100,001-200,000",1909,1.02,266345120
61,2024-09-27,2330,"200,001-400,000",1250,1.35,350571548
62,2024-09-27,2330,"400,001-600,000",539,1.02,265036775
63,2024-09-27,2330,"600,001-800,000",316,0.84,219594743
64,2024-09-27,2330,"800,001-1,000,000",206,0.71,184959130
65,2024-09-27,2330,"more than 1,000,001",1558,87.06,22579136745
66,2024-09-27,2330,差異數調整（說明4）,4,-0.0,-19000
67,2024-09-27,2330,total,1453757,100.0,25932733242
68,2024-10-04,2330,1-999,1026686,0.61,158210518
69,2024-10-04,2330,"1,000-5,000",358224,2.64,686734849
70,2024-10-04,2330,"5,001-10,000",42634,1.18,308499806
71,2024-10-04,2330,"10,001-15,000",14585,0.69,179717950
72,2024-10-04,2330,"15,001-20,000",6868,0.46,121374894
73,2024-10-04,2330,"20,001-30,000",6864,0.64,168325416
74,2024-10-04,2330,"30,001-40,000",3230,0.43,112186652
75,2024-10-04,2330,"40,001-50,000",1914,0.33,86460721
76,2024-10-04,2330,"50,001-100,000",3783,1.01,264354832
77,2024-10-04,2330,"100,001-200,000",1908,1.02,265112364
78,2024-10-04,2330,"200,001-400,000",1263,1.36,353722766
79,2024-10-04,2330,"400,001-600,000",545,1.03,268200362
80,2024-10-04,2330,"600,001-800,000",310,0.82,215118295
81,2024-10-04,2330,"800,001-1,000,000",211,0.73,189750238
82,2024-10-04,2330,"more than 1,000,001",1552,86.97,22554964579
83,2024-10-04,2330,差異數調整（說明4）,1,-0.0,-1000
84,2024-10-04,2330,total,1470577,100.0,25932733242
85,2024-10-11,2330,1-999,1000001,0.59,154170699
86,2024-10-11,2330,"1,000-5,000",347503,2.57,666695030
87,2024-10-11,2330,"5,001-10,000",41762,1.16,302180574
88,2024-10-11,2330,"10,001-15,000",14415,0.68,177629292
89,2024-10-11,2330,"15,001-20,000",6765,0.46,119546686
90,2024-10-11,2330,"20,001-30,000",6780,0.64,166217995
91,2024-10-11,2330,"30,001-40,000",3216,0.43,111717717
92,2024-10-11,2330,"40,001-50,000",1899,0.33,85737094
93,2024-10-11,2330,"50,001-100,000",3761,1.01,262606011
94,2024-10-11,2330,"100,001-200,000",1912,1.02,265550338
95,2024-10-11,2330,"200,001-400,000",1252,1.35,350673584
96,2024-10-11,2330,"400,001-600,000",543,1.02,266908517
97,2024-10-11,2330,"600,001-800,000",312,0.83,216147032
98,2024-10-11,2330,"800,001-1,000,000",219,0.75,196859356
99,2024-10-11,2330,"more than 1,000,001",1551,87.11,22590099317
100,2024-10-11,2330,差異數調整（說明4）,4,-0.0,-6000
101,2024-10-11,2330,total,1431891,100.0,25932733242
102,2024-10-18,2330,1-999,969290,0.57,149312463
103,2024-10-18,2330,"1,000-5,000",341050,2.52,654487723
104,2024-10-18,2330,"5,001-10,000",41227,1.15,298597227
105,2024-10-18,2330,"10,001-15,000",14255,0.67,175598110
106,2024-10-18,2330,"15,001-20,000",6743,0.45,119157553
107,2024-10-18,2330,"20,001-30,000",6753,0.63,165562229
108,2024-10-18,2330,"30,001-40,000",3185,0.42,110610207
109,2024-10-18,2330,"40,001-50,000",1887,0.32,85179529
110,2024-10-18,2330,"50,001-100,000",3762,1.01,262789644
111,2024-10-18,2330,"100,001-200,000",1910,1.02,265315838
112,2024-10-18,2330,"200,001-400,000",1261,1.36,353435525
113,2024-10-18,2330,"400,001-600,000",545,1.03,269063429
114,2024-10-18,2330,"600,001-800,000",308,0.82,214371778
115,2024-10-18,2330,"800,001-1,000,000",215,0.74,193534389
116,2024-10-18,2330,"more than 1,000,001",1551,87.2,22615751598
117,2024-10-18,2330,差異數調整（說明4）,2,-0.0,-34000
118,2024-10-18,2330,total,1393942,100.0,25932733242
119,2024-10-25,2330,1-999,960910,0.56,147319215
120,2024-10-25,2330,"1,000-5,000",337223,2.49,647931196
121,2024-10-25,2330,"5,001-10,000",40892,1.14,296223356
122,2024-10-25,2330,"10,001-15,000",14153,0.67,174406522
123,2024-10-25,2330,"15,001-20,000",6711,0.45,118641299
124,2024-10-25,2330,"20,001-30,000",6737,0.63,165024973
125,2024-10-25,2330,"30,001-40,000",3181,0.42,110495161
126,2024-10-25,2330,"40,001-50,000",1894,0.32,85501551
127,2024-10-25,2330,"50,001-100,000",3759,1.01,262586941
128,2024-10-25,2330,"100,001-200,000",1909,1.02,265381189
129,2024-10-25,2330,"200,001-400,000",1265,1.36,353791243
130,2024-10-25,2330,"400,001-600,000",547,1.04,269911145
131,2024-10-25,2330,"600,001-800,000",321,0.86,224407805
132,2024-10-25,2330,"800,001-1,000,000",204,0.71,184470065
133,2024-10-25,2330,"more than 1,000,001",1541,87.25,22626650581
134,2024-10-25,2330,差異數調整（說明4）,2,-0.0,-9000
135,2024-10-25,2330,total,1381247,100.0,25932733242
136,2024-11-01,2330,1-999,970162,0.57,148669118
137,2024-11-01,2330,"1,000-5,000",340376,2.52,653557399
138,2024-11-01,2330,"5,001-10,000",41132,1.14,297795574
139,2024-11-01,2330,"10,001-15,000",14273,0.67,175900847
140,2024-11-01,2330,"15,001-20,000",6754,0.46,119355154
141,2024-11-01,2330,"20,001-30,000",6766,0.63,165777072
142,2024-11-01,2330,"30,001-40,000",3183,0.42,110618298
143,2024-11-01,2330,"40,001-50,000",1907,0.33,86144274
144,2024-11-01,2330,"50,001-100,000",3765,1.01,262934181
145,2024-11-01,2330,"100,001-200,000",1912,1.02,265348010
146,2024-11-01,2330,"200,001-400,000",1253,1.34,349991801
147,2024-11-01,2330,"400,001-600,000",556,1.05,273382543
148,2024-11-01,2330,"600,001-800,000",322,0.86,224449946
149,2024-11-01,2330,"800,001-1,000,000",204,0.71,184661357
150,2024-11-01,2330,"more than 1,000,001",1540,87.2,22614147668
151,2024-11-01,2330,差異數調整（說明4）,0,-0.0,0
152,2024-11-01,2330,total,1394105,100.0,25932733242
153,2024-11-08,2330,1-999,970382,0.57,148322489
154,2024-11-08,2330,"1,000-5,000",338195,2.5,649773135
155,2024-11-08,2330,"5,001-10,000",40990,1.14,296909361
156,2024-11-08,2330,"10,001-15,000",14199,0.67,174901899
157,2024-11-08,2330,"15,001-20,000",6751,0.46,119316109
158,2024-11-08,2330,"20,001-30,000",6755,0.63,165584753
159,2024-11-08,2330,"30,001-40,000",3170,0.42,110115940
160,2024-11-08,2330,"40,001-50,000",1884,0.32,84954421
161,2024-11-08,2330,"50,001-100,000",3756,1.01,261956666
162,2024-11-08,2330,"100,001-200,000",1915,1.02,265722845
163,2024-11-08,2330,"200,001-400,000",1258,1.35,351847831
164,2024-11-08,2330,"400,001-600,000",550,1.04,270386296
165,2024-11-08,2330,"600,001-800,000",322,0.86,223722924
166,2024-11-08,2330,"800,001-1,000,000",208,0.72,187922284
167,2024-11-08,2330,"more than 1,000,001",1539,87.23,22621297289
168,2024-11-08,2330,差異數調整（說明4）,1,-0.0,-1000
169,2024-11-08,2330,total,1391874,100.0,25932733242
170,2024-11-15,2330,1-999,978125,0.57,149401923
171,2024-11-15,2330,"1,000-5,000",342034,2.53,656539957
172,2024-11-15,2330,"5,001-10,000",41294,1.15,298973286
173,2024-11-15,2330,"10,001-15,000",14314,0.67,176262133
174,2024-11-15,2330,"15,001-20,000",6775,0.46,119695515
175,2024-11-15,2330,"20,001-30,000",6806,0.64,166792164
176,2024-11-15,2330,"30,001-40,000",3172,0.42,110157065
177,2024-11-15,2330,"40,001-50,000",1876,0.32,84622038
178,2024-11-15,2330,"50,001-100,000",3771,1.01,262826110
179,2024-11-15,2330,"100,001-200,000",1932,1.03,268169372
180,2024-11-15,2330,"200,001-400,000",1258,1.35,352665399
181,2024-11-15,2330,"400,001-600,000",550,1.04,270298370
182,2024-11-15,2330,"600,001-800,000",324,0.86,224674633
183,2024-11-15,2330,"800,001-1,000,000",204,0.7,184006784
184,2024-11-15,2330,"more than 1,000,001",1537,87.17,22607952593
185,2024-11-15,2330,差異數調整（說明4）,3,-0.0,-304000
186,2024-11-15,2330,total,1403972,100.0,25932733342
187,2024-11-22,2330,1-999,988505,0.58,151172015
188,2024-11-22,2330,"1,000-5,000",348086,2.57,667735646
189,2024-11-22,2330,"5,001-10,000",41955,1.17,303870299
190,2024-11-22,2330,"10,001-15,000",14448,0.68,177934111
191,2024-11-22,2330,"15,001-20,000",6874,0.46,121492237
192,2024-11-22,2330,"20,001-30,000",6839,0.64,167649738
193,2024-11-22,2330,"30,001-40,000",3212,0.43,111612424
194,2024-11-22,2330,"40,001-50,000",1881,0.32,84809621
195,2024-11-22,2330,"50,001-100,000",3782,1.01,263585092
196,2024-11-22,2330,"100,001-200,000",1929,1.03,267530212
197,2024-11-22,2330,"200,001-400,000",1266,1.36,354212596
198,2024-11-22,2330,"400,001-600,000",542,1.02,266258532
199,2024-11-22,2330,"600,001-800,000",321,0.85,222666580
200,2024-11-22,2330,"800,001-1,000,000",204,0.7,183551253
201,2024-11-22,2330,"more than 1,000,001",1543,87.1,22588652886
202,2024-11-22,2330,差異數調整（說明4）,0,-0.0,0
203,2024-11-22,2330,total,1421387,100.0,25932733242
204,2024-11-29,2330,1-999,1005788,0.59,153971326
205,2024-11-29,2330,"1,000-5,000",355335,2.62,681574630
206,2024-11-29,2330,"5,001-10,000",42645,1.19,308799331
207,2024-11-29,2330,"10,001-15,000",14607,0.69,179981314
208,2024-11-29,2330,"15,001-20,000",6908,0.47,122030475
209,2024-11-29,2330,"20,001-30,000",6947,0.65,170261971
210,2024-11-29,2330,"30,001-40,000",3222,0.43,111945756
211,2024-11-29,2330,"40,001-50,000",1903,0.33,85800998
212,2024-11-29,2330,"50,001-100,000",3793,1.02,264552890
213,2024-11-29,2330,"100,001-200,000",1923,1.02,266632343
214,2024-11-29,2330,"200,001-400,000",1256,1.35,351126244
215,2024-11-29,2330,"400,001-600,000",549,1.03,268725541
216,2024-11-29,2330,"600,001-800,000",318,0.85,221002298
217,2024-11-29,2330,"800,001-1,000,000",205,0.71,184510834
218,2024-11-29,2330,"more than 1,000,001",1538,87.0,22561917291
219,2024-11-29,2330,差異數調整（說明4）,1,-0.0,-100000
220,2024-11-29,2330,total,1446937,100.0,25932733242
221,2024-12-06,2330,1-999,985313,0.58,150985495
222,2024-12-06,2330,"1,000-5,000",344689,2.55,662347517
223,2024-12-06,2330,"5,001-10,000",41743,1.16,302355158
224,2024-12-06,2330,"10,001-15,000",14464,0.68,178299484
225,2024-12-06,2330,"15,001-20,000",6817,0.46,120431611
226,2024-12-06,2330,"20,001-30,000",6870,0.64,168330405
227,2024-12-06,2330,"30,001-40,000",3169,0.42,109990370
228,2024-12-06,2330,"40,001-50,000",1890,0.32,85273451
229,2024-12-06,2330,"50,001-100,000",3785,1.01,263880395
230,2024-12-06,2330,"100,001-200,000",1916,1.02,265208610
231,2024-12-06,2330,"200,001-400,000",1256,1.35,350418201
232,2024-12-06,2330,"400,001-600,000",552,1.04,270135361
233,2024-12-06,2330,"600,001-800,000",308,0.82,213775487
234,2024-12-06,2330,"800,001-1,000,000",214,0.73,191900784
235,2024-12-06,2330,"more than 1,000,001",1539,87.14,22599432913
236,2024-12-06,2330,差異數調整（說明4）,2,-0.0,-32000
237,2024-12-06,2330,total,1414525,100.0,25932733242
238,2024-12-13,2330,1-999,986695,0.58,150908361
239,2024-12-13,2330,"1,000-5,000",346026,2.56,664982166
240,2024-12-13,2330,"5,001-10,000",41870,1.16,303258308
241,2024-12-13,2330,"10,001-15,000",14495,0.68,178610236
242,2024-12-13,2330,"15,001-20,000",6875,0.46,121539020
243,2024-12-13,2330,"20,001-30,000",6897,0.65,169059501
244,2024-12-13,2330,"30,001-40,000",3164,0.42,109815869
245,2024-12-13,2330,"40,001-50,000",1913,0.33,86361457
246,2024-12-13,2330,"50,001-100,000",3774,1.01,263104281
247,2024-12-13,2330,"100,001-200,000",1913,1.02,265012351
248,2024-12-13,2330,"200,001-400,000",1255,1.35,350747917
249,2024-12-13,2330,"400,001-600,000",549,1.03,269089936
250,2024-12-13,2330,"600,001-800,000",310,0.82,215041505
251,2024-12-13,2330,"800,001-1,000,000",210,0.72,188376106
252,2024-12-13,2330,"more than 1,000,001",1533,87.13,22596826228
253,2024-12-13,2330,差異數調整（說明4）,0,-0.0,0
254,2024-12-13,2330,total,1417479,100.0,25932733242
255,2024-12-20,2330,1-999,979097,0.57,149554021
256,2024-12-20,2330,"1,000-5,000",341504,2.53,656646631
257,2024-12-20,2330,"5,001-10,000",41478,1.15,300437902
258,2024-12-20,2330,"10,001-15,000",14401,0.68,177467467
259,2024-12-20,2330,"15,001-20,000",6824,0.46,120581454
260,2024-12-20,2330,"20,001-30,000",6853,0.64,167996910
261,2024-12-20,2330,"30,001-40,000",3164,0.42,109851954
262,2024-12-20,2330,"40,001-50,000",1904,0.33,85908700
263,2024-12-20,2330,"50,001-100,000",3765,1.01,262807802
264,2024-12-20,2330,"100,001-200,000",1911,1.02,265022669
265,2024-12-20,2330,"200,001-400,000",1248,1.34,348392161
266,2024-12-20,2330,"400,001-600,000",549,1.03,268726589
267,2024-12-20,2330,"600,001-800,000",310,0.82,214309691
268,2024-12-20,2330,"800,001-1,000,000",210,0.72,188405998
269,2024-12-20,2330,"more than 1,000,001",1542,87.21,22616623293
270,2024-12-20,2330,差異數調整（說明4）,0,-0.0,0
271,2024-12-20,2330,total,1404760,100.0,25932733242
272,2024-12-27,2330,1-999,975870,0.57,149046385
273,2024-12-27,2330,"1,000-5,000",339572,2.51,653444013
274,2024-12-27,2330,"5,001-10,000",41380,1.15,299738609
275,2024-12-27,2330,"10,001-15,000",14332,0.68,176568060
276,2024-12-27,2330,"15,001-20,000",6827,0.46,120665820
277,2024-12-27,2330,"20,001-30,000",6827,0.64,167338942
278,2024-12-27,2330,"30,001-40,000",3163,0.42,109831378
279,2024-12-27,2330,"40,001-50,000",1900,0.33,85675172
280,2024-12-27,2330,"50,001-100,000",3766,1.01,263052301
281,2024-12-27,2330,"100,001-200,000",1900,1.01,263661496
282,2024-12-27,2330,"200,001-400,000",1253,1.35,350307728
283,2024-12-27,2330,"400,001-600,000",542,1.02,265264221
284,2024-12-27,2330,"600,001-800,000",314,0.83,217017070
285,2024-12-27,2330,"800,001-1,000,000",208,0.72,186780278
286,2024-12-27,2330,"more than 1,000,001",1540,87.24,22624403051
287,2024-12-27,2330,差異數調整（說明4）,1,-0.0,-61000
288,2024-12-27,2330,total,1399394,100.0,25932733524
289,2025-01-03,2330,1-999,977560,0.57,149080923
290,2025-01-03,2330,"1,000-5,000",341636,2.53,656737745
291,2025-01-03,2330,"5,001-10,000",41584,1.16,301321658
292,2025-01-03,2330,"10,001-15,000",14366,0.68,177001077
293,2025-01-03,2330,"15,001-20,000",6844,0.46,120986473
294,2025-01-03,2330,"20,001-30,000",6850,0.64,167935295
295,2025-01-03,2330,"30,001-40,000",3163,0.42,109835385
296,2025-01-03,2330,"40,001-50,000",1897,0.32,85535789
297,2025-01-03,2330,"50,001-100,000",3778,1.01,263845609
298,2025-01-03,2330,"100,001-200,000",1903,1.01,264033744
299,2025-01-03,2330,"200,001-400,000",1261,1.36,353831165
300,2025-01-03,2330,"400,001-600,000",533,1.0,260824160
301,2025-01-03,2330,"600,001-800,000",313,0.83,216052395
302,2025-01-03,2330,"800,001-1,000,000",210,0.72,188206677
303,2025-01-03,2330,"more than 1,000,001",1540,87.21,22617506147
304,2025-01-03,2330,差異數調整（說明4）,1,-0.0,-1000
305,2025-01-03,2330,total,1403438,100.0,25932733242
306,2025-01-10,2330,1-999,973069,0.56,147523846
307,2025-01-10,2330,"1,000-5,000",335192,2.48,644759580
308,2025-01-10,2330,"5,001-10,000",41059,1.14,297397313
309,2025-01-10,2330,"10,001-15,000",14259,0.67,175638920
310,2025-01-10,2330,"15,001-20,000",6825,0.46,120669956
311,2025-01-10,2330,"20,001-30,000",6770,0.64,165971862
312,2025-01-10,2330,"30,001-40,000",3137,0.42,108927331
313,2025-01-10,2330,"40,001-50,000",1896,0.32,85486661
314,2025-01-10,2330,"50,001-100,000",3779,1.01,264176284
315,2025-01-10,2330,"100,001-200,000",1898,1.01,264315381
316,2025-01-10,2330,"200,001-400,000",1254,1.35,352156760
317,2025-01-10,2330,"400,001-600,000",543,1.02,266192472
318,2025-01-10,2330,"600,001-800,000",310,0.82,213565144
319,2025-01-10,2330,"800,001-1,000,000",213,0.73,191183028
320,2025-01-10,2330,"more than 1,000,001",1536,87.28,22634768704
321,2025-01-10,2330,差異數調整（說明4）,0,-0.0,0
322,2025-01-10,2330,total,1391740,100.0,25932733242
323,2025-01-17,2330,1-999,986496,0.57,149439037
324,2025-01-17,2330,"1,000-5,000",341628,2.53,656409755
325,2025-01-17,2330,"5,001-10,000",41571,1.16,300923356
326,2025-01-17,2330,"10,001-15,000",14428,0.68,177712178
327,2025-01-17,2330,"15,001-20,000",6882,0.46,121731824
328,2025-01-17,2330,"20,001-30,000",6831,0.64,167570257
329,2025-01-17,2330,"30,001-40,000",3160,0.42,109861032
330,2025-01-17,2330,"40,001-50,000",1876,0.32,84570589
331,2025-01-17,2330,"50,001-100,000",3789,1.02,264549269
332,2025-01-17,2330,"100,001-200,000",1909,1.02,265168146
333,2025-01-17,2330,"200,001-400,000",1251,1.35,351446063
334,2025-01-17,2330,"400,001-600,000",543,1.02,266148339
335,2025-01-17,2330,"600,001-800,000",312,0.83,215363613
336,2025-01-17,2330,"800,001-1,000,000",208,0.72,187608527
337,2025-01-17,2330,"more than 1,000,001",1536,87.2,22614275254
338,2025-01-17,2330,差異數調整（說明4）,4,-0.0,-43997
339,2025-01-17,2330,total,1412420,100.0,25932733242
340,2025-01-24,2330,1-999,981820,0.57,148477929
341,2025-01-24,2330,"1,000-5,000",338111,2.5,649945838
342,2025-01-24,2330,"5,001-10,000",41304,1.15,298906466
343,2025-01-24,2330,"10,001-15,000",14379,0.68,177164594
344,2025-01-24,2330,"15,001-20,000",6834,0.46,120874826
345,2025-01-24,2330,"20,001-30,000",6812,0.64,167121914
346,2025-01-24,2330,"30,001-40,000",3161,0.42,109898817
347,2025-01-24,2330,"40,001-50,000",1886,0.32,85024624
348,2025-01-24,2330,"50,001-100,000",3790,1.02,265059041
349,2025-01-24,2330,"100,001-200,000",1920,1.03,267263165
350,2025-01-24,2330,"200,001-400,000",1254,1.36,353674196
351,2025-01-24,2330,"400,001-600,000",537,1.01,263113045
352,2025-01-24,2330,"600,001-800,000",318,0.84,220089554
353,2025-01-24,2330,"800,001-1,000,000",211,0.73,189867845
354,2025-01-24,2330,"more than 1,000,001",1536,87.21,22616251388
355,2025-01-24,2330,差異數調整（說明4）,0,-0.0,0
356,2025-01-24,2330,total,1403873,100.0,25932733242
357,2025-02-08,2330,1-999,1018585,0.58,152391326
358,2025-02-08,2330,"1,000-5,000",343887,2.54,659897538
359,2025-02-08,2330,"5,001-10,000",41673,1.16,301404799
360,2025-02-08,2330,"10,001-15,000",14443,0.68,177901740
361,2025-02-08,2330,"15,001-20,000",6855,0.46,121194274
362,2025-02-08,2330,"20,001-30,000",6836,0.64,167733090
363,2025-02-08,2330,"30,001-40,000",3182,0.42,110550865
364,2025-02-08,2330,"40,001-50,000",1866,0.32,84077596
365,2025-02-08,2330,"50,001-100,000",3793,1.02,265317251
366,2025-02-08,2330,"100,001-200,000",1903,1.01,264352489
367,2025-02-08,2330,"200,001-400,000",1260,1.36,354497513
368,2025-02-08,2330,"400,001-600,000",545,1.02,266722935
369,2025-02-08,2330,"600,001-800,000",316,0.84,219240383
370,2025-02-08,2330,"800,001-1,000,000",207,0.71,185461492
371,2025-02-08,2330,"more than 1,000,001",1540,87.15,22601990951
372,2025-02-08,2330,差異數調整（說明4）,1,-0.0,-1000
373,2025-02-08,2330,total,1446891,100.0,25932733242
374,2025-02-14,2330,1-999,1033920,0.59,153684909
375,2025-02-14,2330,"1,000-5,000",346682,2.56,664799072
376,2025-02-14,2330,"5,001-10,000",41878,1.16,302803066
377,2025-02-14,2330,"10,001-15,000",14528,0.69,179027295
378,2025-02-14,2330,"15,001-20,000",6868,0.46,121511342
379,2025-02-14,2330,"20,001-30,000",6822,0.64,167365289
380,2025-02-14,2330,"30,001-40,000",3192,0.42,110876772
381,2025-02-14,2330,"40,001-50,000",1866,0.32,84067437
382,2025-02-14,2330,"50,001-100,000",3790,1.02,265043422
383,2025-02-14,2330,"100,001-200,000",1911,1.02,265628730
384,2025-02-14,2330,"200,001-400,000",1268,1.37,357741136
385,2025-02-14,2330,"400,001-600,000",540,1.01,264355049
386,2025-02-14,2330,"600,001-800,000",319,0.85,221632362
387,2025-02-14,2330,"800,001-1,000,000",208,0.72,187108109
388,2025-02-14,2330,"more than 1,000,001",1537,87.09,22587098252
389,2025-02-14,2330,差異數調整（說明4）,1,-0.0,-9000
390,2025-02-14,2330,total,1465329,100.0,25932733242
391,2025-02-21,2330,1-999,1056903,0.6,156975042
392,2025-02-21,2330,"1,000-5,000",351568,2.59,674124675
393,2025-02-21,2330,"5,001-10,000",42175,1.17,304856405
394,2025-02-21,2330,"10,001-15,000",14563,0.69,179383173
395,2025-02-21,2330,"15,001-20,000",6907,0.47,122167244
396,2025-02-21,2330,"20,001-30,000",6834,0.64,167765000
397,2025-02-21,2330,"30,001-40,000",3199,0.42,111123059
398,2025-02-21,2330,"40,001-50,000",1870,0.32,84295134
399,2025-02-21,2330,"50,001-100,000",3764,1.01,263352311
400,2025-02-21,2330,"100,001-200,000",1905,1.02,264948817
401,2025-02-21,2330,"200,001-400,000",1250,1.35,351564682
402,2025-02-21,2330,"400,001-600,000",539,1.01,263232467
403,2025-02-21,2330,"600,001-800,000",318,0.85,220559336
404,2025-02-21,2330,"800,001-1,000,000",210,0.72,188369012
405,2025-02-21,2330,"more than 1,000,001",1536,87.07,22580016885
406,2025-02-21,2330,差異數調整（說明4）,0,-0.0,0
407,2025-02-21,2330,total,1493541,100.0,25932733242
408,2025-02-27,2330,1-999,1076907,0.61,160356015
409,2025-02-27,2330,"1,000-5,000",358267,2.64,686835557
410,2025-02-27,2330,"5,001-10,000",42681,1.18,308464446
411,2025-02-27,2330,"10,001-15,000",14742,0.7,181555133
412,2025-02-27,2330,"15,001-20,000",6965,0.47,123218873
413,2025-02-27,2330,"20,001-30,000",6871,0.64,168484059
414,2025-02-27,2330,"30,001-40,000",3216,0.43,111687298
415,2025-02-27,2330,"40,001-50,000",1887,0.32,85058115
416,2025-02-27,2330,"50,001-100,000",3780,1.01,264232489
417,2025-02-27,2330,"100,001-200,000",1899,1.01,264501058
418,2025-02-27,2330,"200,001-400,000",1247,1.35,350736130
419,2025-02-27,2330,"400,001-600,000",536,1.01,261983917
420,2025-02-27,2330,"600,001-800,000",317,0.84,219548182
421,2025-02-27,2330,"800,001-1,000,000",215,0.74,192740493
422,2025-02-27,2330,"more than 1,000,001",1535,86.96,22553331477
423,2025-02-27,2330,差異數調整（說明4）,0,-0.0,0
424,2025-02-27,2330,total,1521065,100.0,25932733242
425,2025-03-07,2330,1-999,1119354,0.64,167423699
426,2025-03-07,2330,"1,000-5,000",370585,2.74,711648915
427,2025-03-07,2330,"5,001-10,000",44069,1.22,318770106
428,2025-03-07,2330,"10,001-15,000",15007,0.71,184940091
429,2025-03-07,2330,"15,001-20,000",7055,0.48,124788842
430,2025-03-07,2330,"20,001-30,000",6993,0.66,171405090
431,2025-03-07,2330,"30,001-40,000",3275,0.43,113778702
432,2025-03-07,2330,"40,001-50,000",1925,0.33,86826305
433,2025-03-07,2330,"50,001-100,000",3800,1.02,265744140
434,2025-03-07,2330,"100,001-200,000",1918,1.03,267353237
435,2025-03-07,2330,"200,001-400,000",1250,1.35,351934721
436,2025-03-07,2330,"400,001-600,000",536,1.01,262896417
437,2025-03-07,2330,"600,001-800,000",319,0.85,221299520
438,2025-03-07,2330,"800,001-1,000,000",211,0.73,189968477
439,2025-03-07,2330,"more than 1,000,001",1535,86.73,22493954980
440,2025-03-07,2330,差異數調整（說明4）,0,-0.0,0
441,2025-03-07,2330,total,1577832,100.0,25932733242
442,2025-03-14,2330,1-999,1192574,0.68,176673064
443,2025-03-14,2330,"1,000-5,000",380578,2.81,731053840
444,2025-03-14,2330,"5,001-10,000",44979,1.25,324946007
445,2025-03-14,2330,"10,001-15,000",15234,0.72,187629949
446,2025-03-14,2330,"15,001-20,000",7173,0.48,126857796
447,2025-03-14,2330,"20,001-30,000",7076,0.66,173596423
448,2025-03-14,2330,"30,001-40,000",3256,0.43,113147403
449,2025-03-14,2330,"40,001-50,000",1939,0.33,87346972
450,2025-03-14,2330,"50,001-100,000",3813,1.02,266734451
451,2025-03-14,2330,"100,001-200,000",1896,1.01,263939419
452,2025-03-14,2330,"200,001-400,000",1256,1.36,354478764
453,2025-03-14,2330,"400,001-600,000",540,1.01,264493598
454,2025-03-14,2330,"600,001-800,000",318,0.84,220214831
455,2025-03-14,2330,"800,001-1,000,000",208,0.72,186963720
456,2025-03-14,2330,"more than 1,000,001",1535,86.58,22454682005
457,2025-03-14,2330,差異數調整（說明4）,4,-0.0,-25000
458,2025-03-14,2330,total,1662375,100.0,25932733242
459,2025-03-21,2330,1-999,1215373,0.69,180391170
460,2025-03-21,2330,"1,000-5,000",380913,2.82,732163242
461,2025-03-21,2330,"5,001-10,000",45087,1.25,325630392
462,2025-03-21,2330,"10,001-15,000",15236,0.72,187766474
463,2025-03-21,2330,"15,001-20,000",7149,0.48,126418531
464,2025-03-21,2330,"20,001-30,000",7067,0.66,173281569
465,2025-03-21,2330,"30,001-40,000",3244,0.43,112773643
466,2025-03-21,2330,"40,001-50,000",1932,0.33,87055099
467,2025-03-21,2330,"50,001-100,000",3811,1.02,266580401
468,2025-03-21,2330,"100,001-200,000",1888,1.01,262590790
469,2025-03-21,2330,"200,001-400,000",1266,1.37,357148109
470,2025-03-21,2330,"400,001-600,000",537,1.01,263601727
471,2025-03-21,2330,"600,001-800,000",317,0.84,220158709
472,2025-03-21,2330,"800,001-1,000,000",209,0.72,187603373
473,2025-03-21,2330,"more than 1,000,001",1538,86.56,22449570912
474,2025-03-21,2330,差異數調整（說明4）,1,-0.0,-899
475,2025-03-21,2330,total,1685567,100.0,25932733242
476,2025-03-28,2330,1-999,1226334,0.7,182334131
477,2025-03-28,2330,"1,000-5,000",384247,2.84,737863124
478,2025-03-28,2330,"5,001-10,000",45363,1.26,327516054
479,2025-03-28,2330,"10,001-15,000",15308,0.72,188627776
480,2025-03-28,2330,"15,001-20,000",7166,0.48,126665829
481,2025-03-28,2330,"20,001-30,000",7100,0.67,174149077
482,2025-03-28,2330,"30,001-40,000",3260,0.43,113257178
483,2025-03-28,2330,"40,001-50,000",1932,0.33,87042644
484,2025-03-28,2330,"50,001-100,000",3828,1.03,267776082
485,2025-03-28,2330,"100,001-200,000",1897,1.01,263955052
486,2025-03-28,2330,"200,001-400,000",1260,1.36,355135949
487,2025-03-28,2330,"400,001-600,000",536,1.01,262901977
488,2025-03-28,2330,"600,001-800,000",315,0.84,218175785
489,2025-03-28,2330,"800,001-1,000,000",222,0.76,199560461
490,2025-03-28,2330,"more than 1,000,001",1535,86.48,22427772123
491,2025-03-28,2330,差異數調整（說明4）,0,-0.0,0
492,2025-03-28,2330,total,1700303,100.0,25932733242
493,2025-04-02,2330,1-999,1244349,0.71,186551590
494,2025-04-02,2330,"1,000-5,000",386927,2.86,744193482
495,2025-04-02,2330,"5,001-10,000",45775,1.27,330465327
496,2025-04-02,2330,"10,001-15,000",15439,0.73,190217728
497,2025-04-02,2330,"15,001-20,000",7209,0.49,127448324
498,2025-04-02,2330,"20,001-30,000",7125,0.67,174822752
499,2025-04-02,2330,"30,001-40,000",3279,0.43,113866699
500,2025-04-02,2330,"40,001-50,000",1921,0.33,86533997
501,2025-04-02,2330,"50,001-100,000",3841,1.03,268753514
502,2025-04-02,2330,"100,001-200,000",1895,1.01,263777017
503,2025-04-02,2330,"200,001-400,000",1267,1.37,357424521
504,2025-04-02,2330,"400,001-600,000",531,1.0,260233097
505,2025-04-02,2330,"600,001-800,000",319,0.85,220922099
506,2025-04-02,2330,"800,001-1,000,000",218,0.75,195561744
507,2025-04-02,2330,"more than 1,000,001",1537,86.42,22411961351
508,2025-04-02,2330,差異數調整（說明4）,0,-0.0,0
509,2025-04-02,2330,total,1721632,100.0,25932733242
510,2025-04-11,2330,1-999,1338326,0.76,198164780
511,2025-04-11,2330,"1,000-5,000",406252,3.0,779709414
512,2025-04-11,2330,"5,001-10,000",47201,1.31,340705915
513,2025-04-11,2330,"10,001-15,000",15783,0.74,194456922
514,2025-04-11,2330,"15,001-20,000",7311,0.49,129102474
515,2025-04-11,2330,"20,001-30,000",7220,0.68,177027640
516,2025-04-11,2330,"30,001-40,000",3336,0.44,115693696
517,2025-04-11,2330,"40,001-50,000",1919,0.33,86440758
518,2025-04-11,2330,"50,001-100,000",3884,1.04,271484889
519,2025-04-11,2330,"100,001-200,000",1915,1.03,267187894
520,2025-04-11,2330,"200,001-400,000",1251,1.35,352165915
521,2025-04-11,2330,"400,001-600,000",532,1.0,260948551
522,2025-04-11,2330,"600,001-800,000",318,0.84,220116261
523,2025-04-11,2330,"800,001-1,000,000",220,0.76,197825653
524,2025-04-11,2330,"more than 1,000,001",1528,86.15,22341702480
525,2025-04-11,2330,差異數調整（說明4）,0,-0.0,0
526,2025-04-11,2330,total,1836996,100.0,25932733242
527,2025-04-18,2330,1-999,1378794,0.78,203608254
528,2025-04-18,2330,"1,000-5,000",415674,3.07,797479578
529,2025-04-18,2330,"5,001-10,000",47864,1.33,345538684
530,2025-04-18,2330,"10,001-15,000",15973,0.75,196790507
531,2025-04-18,2330,"15,001-20,000",7395,0.5,130672787
532,2025-04-18,2330,"20,001-30,000",7259,0.68,177968807
533,2025-04-18,2330,"30,001-40,000",3341,0.44,115997056
534,2025-04-18,2330,"40,001-50,000",1943,0.33,87562748
535,2025-04-18,2330,"50,001-100,000",3904,1.05,272813625
536,2025-04-18,2330,"100,001-200,000",1896,1.01,263940639
537,2025-04-18,2330,"200,001-400,000",1251,1.35,351421457
538,2025-04-18,2330,"400,001-600,000",534,1.01,262275032
539,2025-04-18,2330,"600,001-800,000",318,0.84,220275534
540,2025-04-18,2330,"800,001-1,000,000",223,0.77,200432851
541,2025-04-18,2330,"more than 1,000,001",1522,86.01,22305955683
542,2025-04-18,2330,差異數調整（說明4）,0,-0.0,0
543,2025-04-18,2330,total,1887891,100.0,25932733242
544,2025-04-25,2330,1-999,1382735,0.79,204975831
545,2025-04-25,2330,"1,000-5,000",414820,3.07,796230106
546,2025-04-25,2330,"5,001-10,000",47895,1.33,345619738
547,2025-04-25,2330,"10,001-15,000",15993,0.75,197013476
548,2025-04-25,2330,"15,001-20,000",7384,0.5,130445863
549,2025-04-25,2330,"20,001-30,000",7244,0.68,177645077
550,2025-04-25,2330,"30,001-40,000",3343,0.44,116068513
551,2025-04-25,2330,"40,001-50,000",1946,0.33,87659585
552,2025-04-25,2330,"50,001-100,000",3904,1.05,272770652
553,2025-04-25,2330,"100,001-200,000",1896,1.02,264548857
554,2025-04-25,2330,"200,001-400,000",1241,1.34,349656014
555,2025-04-25,2330,"400,001-600,000",535,1.01,262924999
556,2025-04-25,2330,"600,001-800,000",316,0.84,219352830
557,2025-04-25,2330,"800,001-1,000,000",217,0.75,195228406
558,2025-04-25,2330,"more than 1,000,001",1518,86.04,22312593295
559,2025-04-25,2330,差異數調整（說明4）,0,-0.0,0
560,2025-04-25,2330,total,1890987,100.0,25932733242
561,2025-05-02,2330,1-999,1365290,0.78,202528705
562,2025-05-02,2330,"1,000-5,000",407134,3.01,782068066
563,2025-05-02,2330,"5,001-10,000",47304,1.31,341524746
564,2025-05-02,2330,"10,001-15,000",15819,0.75,194804536
565,2025-05-02,2330,"15,001-20,000",7379,0.5,130407570
566,2025-05-02,2330,"20,001-30,000",7175,0.67,175949710
567,2025-05-02,2330,"30,001-40,000",3327,0.44,115420273
568,2025-05-02,2330,"40,001-50,000",1949,0.33,87816281
569,2025-05-02,2330,"50,001-100,000",3861,1.04,269716867
570,2025-05-02,2330,"100,001-200,000",1899,1.02,264889593
571,2025-05-02,2330,"200,001-400,000",1245,1.35,351486337
572,2025-05-02,2330,"400,001-600,000",531,1.0,260944724
573,2025-05-02,2330,"600,001-800,000",314,0.83,217596435
574,2025-05-02,2330,"800,001-1,000,000",221,0.76,199300671
575,2025-05-02,2330,"more than 1,000,001",1519,86.13,22338279728
576,2025-05-02,2330,差異數調整（說明4）,1,-0.0,-1000
577,2025-05-02,2330,total,1864967,100.0,25932733242
578,2025-05-09,2330,1-999,1354190,0.77,200812747
579,2025-05-09,2330,"1,000-5,000",403620,2.98,775180379
580,2025-05-09,2330,"5,001-10,000",47087,1.31,340058870
581,2025-05-09,2330,"10,001-15,000",15737,0.74,193823110
582,2025-05-09,2330,"15,001-20,000",7343,0.5,129741268
583,2025-05-09,2330,"20,001-30,000",7124,0.67,174787863
584,2025-05-09,2330,"30,001-40,000",3295,0.44,114241233
585,2025-05-09,2330,"40,001-50,000",1959,0.34,88302084
586,2025-05-09,2330,"50,001-100,000",3855,1.03,269395931
587,2025-05-09,2330,"100,001-200,000",1895,1.02,265220563
588,2025-05-09,2330,"200,001-400,000",1242,1.35,351118636
589,2025-05-09,2330,"400,001-600,000",528,0.99,259242264
590,2025-05-09,2330,"600,001-800,000",320,0.85,222011509
591,2025-05-09,2330,"800,001-1,000,000",220,0.76,199052651
592,2025-05-09,2330,"more than 1,000,001",1518,86.18,22349745134
593,2025-05-09,2330,差異數調整（說明4）,1,-0.0,-1000
594,2025-05-09,2330,total,1849933,100.0,25932733242
595,2025-05-16,2330,1-999,1316998,0.75,194960322
596,2025-05-16,2330,"1,000-5,000",393097,2.91,755313451
597,2025-05-16,2330,"5,001-10,000",46194,1.28,333626164
598,2025-05-16,2330,"10,001-15,000",15540,0.73,191468745
599,2025-05-16,2330,"15,001-20,000",7266,0.49,128460065
600,2025-05-16,2330,"20,001-30,000",7013,0.66,172076541
601,2025-05-16,2330,"30,001-40,000",3275,0.43,113587897
602,2025-05-16,2330,"40,001-50,000",1948,0.33,87814180
603,2025-05-16,2330,"50,001-100,000",3842,1.03,268740836
604,2025-05-16,2330,"100,001-200,000",1902,1.02,265751808
605,2025-05-16,2330,"200,001-400,000",1248,1.36,352720402
606,2025-05-16,2330,"400,001-600,000",528,1.0,259404786
607,2025-05-16,2330,"600,001-800,000",313,0.83,216407838
608,2025-05-16,2330,"800,001-1,000,000",232,0.8,209877136
609,2025-05-16,2330,"more than 1,000,001",1521,86.3,22382525071
610,2025-05-16,2330,差異數調整（說明4）,1,-0.0,-2000
611,2025-05-16,2330,total,1800917,100.0,25932733242
612,2025-05-23,2330,1-999,1313644,0.75,194500851
613,2025-05-23,2330,"1,000-5,000",393932,2.91,756779845
614,2025-05-23,2330,"5,001-10,000",46298,1.28,334311311
615,2025-05-23,2330,"10,001-15,000",15565,0.73,191685509
616,2025-05-23,2330,"15,001-20,000",7295,0.49,128932945
617,2025-05-23,2330,"20,001-30,000",7051,0.66,173033353
618,2025-05-23,2330,"30,001-40,000",3294,0.44,114342925
619,2025-05-23,2330,"40,001-50,000",1936,0.33,87302422
620,2025-05-23,2330,"50,001-100,000",3853,1.04,269857245
621,2025-05-23,2330,"100,001-200,000",1904,1.02,265820424
622,2025-05-23,2330,"200,001-400,000",1255,1.36,354786644
623,2025-05-23,2330,"400,001-600,000",524,0.99,256961107
624,2025-05-23,2330,"600,001-800,000",317,0.84,219283064
625,2025-05-23,2330,"800,001-1,000,000",228,0.79,206534271
626,2025-05-23,2330,"more than 1,000,001",1526,86.29,22378601326
627,2025-05-23,2330,差異數調整（說明4）,0,-0.0,0
628,2025-05-23,2330,total,1798622,100.0,25932733242
629,2025-05-29,2330,1-999,1316053,0.75,195090029
630,2025-05-29,2330,"1,000-5,000",396339,2.93,761897252
631,2025-05-29,2330,"5,001-10,000",46518,1.29,335879977
632,2025-05-29,2330,"10,001-15,000",15647,0.74,192753764
633,2025-05-29,2330,"15,001-20,000",7338,0.5,129688035
634,2025-05-29,2330,"20,001-30,000",7090,0.67,173981261
635,2025-05-29,2330,"30,001-40,000",3303,0.44,114682715
636,2025-05-29,2330,"40,001-50,000",1949,0.33,87909852
637,2025-05-29,2330,"50,001-100,000",3853,1.03,269411389
638,2025-05-29,2330,"100,001-200,000",1904,1.02,265676327
639,2025-05-29,2330,"200,001-400,000",1260,1.37,356547417
640,2025-05-29,2330,"400,001-600,000",524,0.98,256424254
641,2025-05-29,2330,"600,001-800,000",321,0.85,222240689
642,2025-05-29,2330,"800,001-1,000,000",228,0.79,206979275
643,2025-05-29,2330,"more than 1,000,001",1527,86.23,22363571006
644,2025-05-29,2330,差異數調整（說明4）,0,-0.0,0
645,2025-05-29,2330,total,1803854,100.0,25932733242
646,2025-06-06,2330,1-999,1307809,0.74,194188334
647,2025-06-06,2330,"1,000-5,000",392822,2.91,755389097
648,2025-06-06,2330,"5,001-10,000",46271,1.28,334256498
649,2025-06-06,2330,"10,001-15,000",15515,0.73,191059848
650,2025-06-06,2330,"15,001-20,000",7334,0.49,129645055
651,2025-06-06,2330,"20,001-30,000",7077,0.66,173663546
652,2025-06-06,2330,"30,001-40,000",3308,0.44,114865072
653,2025-06-06,2330,"40,001-50,000",1940,0.33,87516004
654,2025-06-06,2330,"50,001-100,000",3857,1.03,269657455
655,2025-06-06,2330,"100,001-200,000",1893,1.01,264378281
656,2025-06-06,2330,"200,001-400,000",1266,1.38,358050295
657,2025-06-06,2330,"400,001-600,000",529,0.99,258764247
658,2025-06-06,2330,"600,001-800,000",318,0.85,220630690
659,2025-06-06,2330,"800,001-1,000,000",225,0.78,204164236
660,2025-06-06,2330,"more than 1,000,001",1532,86.28,22376505584
661,2025-06-06,2330,差異數調整（說明4）,1,-0.0,-1000
662,2025-06-06,2330,total,1791696,100.0,25932733242
663,2025-06-13,2330,1-999,1256410,0.71,186226644
664,2025-06-13,2330,"1,000-5,000",381897,2.83,734029906
665,2025-06-13,2330,"5,001-10,000",45174,1.25,326500675
666,2025-06-13,2330,"10,001-15,000",15252,0.72,187816123
667,2025-06-13,2330,"15,001-20,000",7224,0.49,127601301
668,2025-06-13,2330,"20,001-30,000",6979,0.66,171223909
669,2025-06-13,2330,"30,001-40,000",3285,0.43,114097774
670,2025-06-13,2330,"40,001-50,000",1938,0.33,87453247
671,2025-06-13,2330,"50,001-100,000",3834,1.03,268146215
672,2025-06-13,2330,"100,001-200,000",1875,1.0,261768569
673,2025-06-13,2330,"200,001-400,000",1263,1.37,356423098
674,2025-06-13,2330,"400,001-600,000",540,1.01,263988306
675,2025-06-13,2330,"600,001-800,000",324,0.86,224329611
676,2025-06-13,2330,"800,001-1,000,000",219,0.76,198021269
677,2025-06-13,2330,"more than 1,000,001",1527,86.47,22425108595
678,2025-06-13,2330,差異數調整（說明4）,2,-0.0,-2000
679,2025-06-13,2330,total,1727741,100.0,25932733242
680,2025-06-20,2330,1-999,1247357,0.71,184787858
681,2025-06-20,2330,"1,000-5,000",378885,2.8,728399093
682,2025-06-20,2330,"5,001-10,000",44966,1.25,324879568
683,2025-06-20,2330,"10,001-15,000",15179,0.72,186922140
684,2025-06-20,2330,"15,001-20,000",7221,0.49,127576322
685,2025-06-20,2330,"20,001-30,000",6939,0.65,170202931
686,2025-06-20,2330,"30,001-40,000",3288,0.44,114214125
687,2025-06-20,2330,"40,001-50,000",1934,0.33,87223054
688,2025-06-20,2330,"50,001-100,000",3820,1.02,267101199
689,2025-06-20,2330,"100,001-200,000",1873,1.0,260894175
690,2025-06-20,2330,"200,001-400,000",1279,1.39,361313616
691,2025-06-20,2330,"400,001-600,000",526,0.99,257278639
692,2025-06-20,2330,"600,001-800,000",329,0.87,227815484
693,2025-06-20,2330,"800,001-1,000,000",225,0.78,203884347
694,2025-06-20,2330,"more than 1,000,001",1527,86.49,22430127970
695,2025-06-20,2330,差異數調整（說明4）,4,-0.0,-5000
696,2025-06-20,2330,total,1715348,100.0,25932615521
697,2025-06-27,2330,1-999,1223964,0.69,180908345
698,2025-06-27,2330,"1,000-5,000",370135,2.74,712213153
699,2025-06-27,2330,"5,001-10,000",44286,1.23,319973429
700,2025-06-27,2330,"10,001-15,000",15006,0.71,184790787
701,2025-06-27,2330,"15,001-20,000",7166,0.48,126639215
702,2025-06-27,2330,"20,001-30,000",6894,0.65,169127842
703,2025-06-27,2330,"30,001-40,000",3267,0.43,113485107
704,2025-06-27,2330,"40,001-50,000",1923,0.33,86641940
705,2025-06-27,2330,"50,001-100,000",3798,1.02,265639867
706,2025-06-27,2330,"100,001-200,000",1864,0.99,259303119
707,2025-06-27,2330,"200,001-400,000",1274,1.38,359768142
708,2025-06-27,2330,"400,001-600,000",538,1.01,263620456
709,2025-06-27,2330,"600,001-800,000",319,0.85,221292289
710,2025-06-27,2330,"800,001-1,000,000",231,0.8,209956300
711,2025-06-27,2330,"more than 1,000,001",1526,86.6,22459261530
712,2025-06-27,2330,差異數調整（說明4）,3,-0.0,-6000
713,2025-06-27,2330,total,1682191,100.0,25932615521
714,2025-07-04,2330,1-999,1200488,0.68,176799523
715,2025-07-04,2330,"1,000-5,000",362942,2.69,698747381
716,2025-07-04,2330,"5,001-10,000",43719,1.21,316165006
717,2025-07-04,2330,"10,001-15,000",14894,0.7,183442883
718,2025-07-04,2330,"15,001-20,000",7086,0.48,125242924
719,2025-07-04,2330,"20,001-30,000",6864,0.64,168418717
720,2025-07-04,2330,"30,001-40,000",3270,0.43,113618429
721,2025-07-04,2330,"40,001-50,000",1893,0.32,85284321
722,2025-07-04,2330,"50,001-100,000",3788,1.02,264934909
723,2025-07-04,2330,"100,001-200,000",1860,0.99,258652451
724,2025-07-04,2330,"200,001-400,000",1261,1.37,355809171
725,2025-07-04,2330,"400,001-600,000",548,1.03,268252937
726,2025-07-04,2330,"600,001-800,000",311,0.82,214805854
727,2025-07-04,2330,"800,001-1,000,000",238,0.82,214635393
728,2025-07-04,2330,"more than 1,000,001",1530,86.71,22487814622
729,2025-07-04,2330,差異數調整（說明4）,6,-0.0,-9000
730,2025-07-04,2330,total,1650692,100.0,25932615521
731,2025-07-11,2330,1-999,1195884,0.67,175691755
732,2025-07-11,2330,"1,000-5,000",360782,2.67,694702314
733,2025-07-11,2330,"5,001-10,000",43537,1.21,314730664
734,2025-07-11,2330,"10,001-15,000",14860,0.7,183007071
735,2025-07-11,2330,"15,001-20,000",7054,0.48,124617961
736,2025-07-11,2330,"20,001-30,000",6859,0.64,168235883
737,2025-07-11,2330,"30,001-40,000",3289,0.44,114269864
738,2025-07-11,2330,"40,001-50,000",1899,0.33,85586237
739,2025-07-11,2330,"50,001-100,000",3797,1.02,265780131
740,2025-07-11,2330,"100,001-200,000",1850,0.99,257129462
741,2025-07-11,2330,"200,001-400,000",1262,1.37,355796087
742,2025-07-11,2330,"400,001-600,000",550,1.03,269204224
743,2025-07-11,2330,"600,001-800,000",309,0.82,213436039
744,2025-07-11,2330,"800,001-1,000,000",238,0.82,214151917
745,2025-07-11,2330,"more than 1,000,001",1529,86.74,22496280912
746,2025-07-11,2330,差異數調整（說明4）,3,-0.0,-5000
747,2025-07-11,2330,total,1643699,100.0,25932615521
748,2025-07-18,2330,1-999,1172758,0.66,171978073
749,2025-07-18,2330,"1,000-5,000",353673,2.62,681445256
750,2025-07-18,2330,"5,001-10,000",42966,1.19,310761392
751,2025-07-18,2330,"10,001-15,000",14675,0.69,180707158
752,2025-07-18,2330,"15,001-20,000",7016,0.47,123938483
753,2025-07-18,2330,"20,001-30,000",6807,0.64,167009986
754,2025-07-18,2330,"30,001-40,000",3258,0.43,113203778
755,2025-07-18,2330,"40,001-50,000",1877,0.32,84560053
756,2025-07-18,2330,"50,001-100,000",3789,1.02,265291666
757,2025-07-18,2330,"100,001-200,000",1860,0.99,259316404
758,2025-07-18,2330,"200,001-400,000",1256,1.36,354798325
759,2025-07-18,2330,"400,001-600,000",540,1.01,264225261
760,2025-07-18,2330,"600,001-800,000",318,0.84,219176681
761,2025-07-18,2330,"800,001-1,000,000",236,0.82,213220869
762,2025-07-18,2330,"more than 1,000,001",1531,86.85,22522983136
763,2025-07-18,2330,差異數調整（說明4）,1,-0.0,-1000
764,2025-07-18,2330,total,1612560,100.0,25932615521
765,2025-07-25,2330,1-999,1165907,0.65,170557212
766,2025-07-25,2330,"1,000-5,000",350521,2.6,675290116
767,2025-07-25,2330,"5,001-10,000",42714,1.19,308842062
768,2025-07-25,2330,"10,001-15,000",14603,0.69,179678080
769,2025-07-25,2330,"15,001-20,000",6982,0.47,123356201
770,2025-07-25,2330,"20,001-30,000",6793,0.64,166563177
771,2025-07-25,2330,"30,001-40,000",3249,0.43,112885602
772,2025-07-25,2330,"40,001-50,000",1869,0.32,84222528
773,2025-07-25,2330,"50,001-100,000",3777,1.01,264228196
774,2025-07-25,2330,"100,001-200,000",1875,1.0,261878895
775,2025-07-25,2330,"200,001-400,000",1258,1.37,356639530
776,2025-07-25,2330,"400,001-600,000",534,1.0,261797486
777,2025-07-25,2330,"600,001-800,000",316,0.84,217901952
778,2025-07-25,2330,"800,001-1,000,000",237,0.82,213444995
779,2025-07-25,2330,"more than 1,000,001",1538,86.89,22535329489
780,2025-07-25,2330,差異數調整（說明4）,0,-0.0,0
781,2025-07-25,2330,total,1602173,100.0,25932615521
782,2025-08-01,2330,1-999,1154694,0.65,168743509
783,2025-08-01,2330,"1,000-5,000",347018,2.57,668979635
784,2025-08-01,2330,"5,001-10,000",42519,1.18,307399751
785,2025-08-01,2330,"10,001-15,000",14483,0.68,178176697
786,2025-08-01,2330,"15,001-20,000",6936,0.47,122537756
787,2025-08-01,2330,"20,001-30,000",6789,0.64,166466185
788,2025-08-01,2330,"30,001-40,000",3234,0.43,112359881
789,2025-08-01,2330,"40,001-50,000",1861,0.32,83909559
790,2025-08-01,2330,"50,001-100,000",3773,1.01,263846915
791,2025-08-01,2330,"100,001-200,000",1868,1.0,260836868
792,2025-08-01,2330,"200,001-400,000",1253,1.36,354552676
793,2025-08-01,2330,"400,001-600,000",545,1.03,267291055
794,2025-08-01,2330,"600,001-800,000",313,0.83,215749447
795,2025-08-01,2330,"800,001-1,000,000",238,0.82,214301363
796,2025-08-01,2330,"more than 1,000,001",1539,86.94,22547474224
797,2025-08-01,2330,差異數調整（說明4）,1,-0.0,-10000
798,2025-08-01,2330,total,1587063,100.0,25932615521
799,2025-08-08,2330,1-999,1161356,0.65,168982257
800,2025-08-08,2330,"1,000-5,000",344751,2.56,664402723
801,2025-08-08,2330,"5,001-10,000",42308,1.17,305840920
802,2025-08-08,2330,"10,001-15,000",14420,0.68,177416141
803,2025-08-08,2330,"15,001-20,000",6922,0.47,122313664
804,2025-08-08,2330,"20,001-30,000",6739,0.63,165169919
805,2025-08-08,2330,"30,001-40,000",3222,0.43,111878467
806,2025-08-08,2330,"40,001-50,000",1850,0.32,83399338
807,2025-08-08,2330,"50,001-100,000",3779,1.01,264483374
808,2025-08-08,2330,"100,001-200,000",1867,1.0,260864393
809,2025-08-08,2330,"200,001-400,000",1245,1.35,351797852
810,2025-08-08,2330,"400,001-600,000",547,1.03,267772072
811,2025-08-08,2330,"600,001-800,000",312,0.82,214844276
812,2025-08-08,2330,"800,001-1,000,000",235,0.81,211497681
813,2025-08-08,2330,"more than 1,000,001",1546,87.0,22561963444
814,2025-08-08,2330,差異數調整（說明4）,6,-0.0,-11000
815,2025-08-08,2330,total,1591099,100.0,25932615521
816,2025-08-15,2330,1-999,1155508,0.64,167797168
817,2025-08-15,2330,"1,000-5,000",343821,2.55,662138212
818,2025-08-15,2330,"5,001-10,000",42049,1.17,303962895
819,2025-08-15,2330,"10,001-15,000",14400,0.68,177184450
820,2025-08-15,2330,"15,001-20,000",6864,0.46,121272127
821,2025-08-15,2330,"20,001-30,000",6715,0.63,164635861
822,2025-08-15,2330,"30,001-40,000",3190,0.42,110750171
823,2025-08-15,2330,"40,001-50,000",1861,0.32,83853901
824,2025-08-15,2330,"50,001-100,000",3786,1.02,265148311
825,2025-08-15,2330,"100,001-200,000",1863,1.0,260248711
826,2025-08-15,2330,"200,001-400,000",1252,1.36,354121028
827,2025-08-15,2330,"400,001-600,000",542,1.02,266137571
828,2025-08-15,2330,"600,001-800,000",312,0.82,214987253
829,2025-08-15,2330,"800,001-1,000,000",241,0.83,216620892
830,2025-08-15,2330,"more than 1,000,001",1536,87.0,22563761970
831,2025-08-15,2330,差異數調整（說明4）,1,-0.0,-5000
832,2025-08-15,2330,total,1583940,100.0,25932615521
833,2025-08-22,2330,1-999,1170833,0.65,169828183
834,2025-08-22,2330,"1,000-5,000",349058,2.59,672028355
835,2025-08-22,2330,"5,001-10,000",42544,1.18,307494853
836,2025-08-22,2330,"10,001-15,000",14518,0.68,178703277
837,2025-08-22,2330,"15,001-20,000",6917,0.47,122190437
838,2025-08-22,2330,"20,001-30,000",6752,0.63,165456756
839,2025-08-22,2330,"30,001-40,000",3213,0.43,111523923
840,2025-08-22,2330,"40,001-50,000",1866,0.32,84120584
841,2025-08-22,2330,"50,001-100,000",3783,1.02,264699288
842,2025-08-22,2330,"100,001-200,000",1868,1.0,261616606
843,2025-08-22,2330,"200,001-400,000",1245,1.35,352594850
844,2025-08-22,2330,"400,001-600,000",556,1.05,273481247
845,2025-08-22,2330,"600,001-800,000",305,0.81,210563654
846,2025-08-22,2330,"800,001-1,000,000",233,0.8,209114785
847,2025-08-22,2330,"more than 1,000,001",1541,86.95,22549198723
848,2025-08-22,2330,差異數調整（說明4）,0,-0.0,0
849,2025-08-22,2330,total,1605232,100.0,25932615521
850,2025-08-29,2330,1-999,1168385,0.65,169462308
851,2025-08-29,2330,"1,000-5,000",348754,2.58,671230072
852,2025-08-29,2330,"5,001-10,000",42573,1.18,307815419
853,2025-08-29,2330,"10,001-15,000",14523,0.68,178779362
854,2025-08-29,2330,"15,001-20,000",6908,0.47,122060573
855,2025-08-29,2330,"20,001-30,000",6766,0.63,165776073
856,2025-08-29,2330,"30,001-40,000",3216,0.43,111595618
857,2025-08-29,2330,"40,001-50,000",1863,0.32,83989632
858,2025-08-29,2330,"50,001-100,000",3791,1.02,265461529
859,2025-08-29,2330,"100,001-200,000",1859,1.0,260096923
860,2025-08-29,2330,"200,001-400,000",1248,1.36,353198350
861,2025-08-29,2330,"400,001-600,000",559,1.05,274738664
862,2025-08-29,2330,"600,001-800,000",314,0.83,217166197
863,2025-08-29,2330,"800,001-1,000,000",233,0.8,209126851
864,2025-08-29,2330,"more than 1,000,001",1540,86.92,22542147950
865,2025-08-29,2330,差異數調整（說明4）,1,-0.0,-30000
866,2025-08-29,2330,total,1602532,100.0,25932615521
867,2025-09-05,2330,1-999,1170630,0.65,169701103
868,2025-09-05,2330,"1,000-5,000",349392,2.59,672445238
869,2025-09-05,2330,"5,001-10,000",42604,1.18,308060984
870,2025-09-05,2330,"10,001-15,000",14558,0.69,179160345
871,2025-09-05,2330,"15,001-20,000",6934,0.47,122520291
872,2025-09-05,2330,"20,001-30,000",6757,0.63,165677096
873,2025-09-05,2330,"30,001-40,000",3211,0.42,111416277
874,2025-09-05,2330,"40,001-50,000",1864,0.32,83960877
875,2025-09-05,2330,"50,001-100,000",3792,1.02,265163306
876,2025-09-05,2330,"100,001-200,000",1867,1.0,261615295
877,2025-09-05,2330,"200,001-400,000",1241,1.35,351398989
878,2025-09-05,2330,"400,001-600,000",553,1.04,271361176
879,2025-09-05,2330,"600,001-800,000",317,0.84,218587609
880,2025-09-05,2330,"800,001-1,000,000",233,0.8,208544130
881,2025-09-05,2330,"more than 1,000,001",1541,86.92,22543004658
882,2025-09-05,2330,差異數調整（說明4）,2,-0.0,-1853
883,2025-09-05,2330,total,1605494,100.0,25932615521
884,2025-09-12,2330,1-999,1152498,0.64,166725019
885,2025-09-12,2330,"1,000-5,000",339016,2.52,653630418
886,2025-09-12,2330,"5,001-10,000",41759,1.16,301886155
887,2025-09-12,2330,"10,001-15,000",14323,0.67,176245339
888,2025-09-12,2330,"15,001-20,000",6845,0.46,120989618
889,2025-09-12,2330,"20,001-30,000",6668,0.63,163500642
890,2025-09-12,2330,"30,001-40,000",3165,0.42,109905116
891,2025-09-12,2330,"40,001-50,000",1845,0.32,83105895
892,2025-09-12,2330,"50,001-100,000",3755,1.01,262891746
893,2025-09-12,2330,"100,001-200,000",1846,0.99,258331741
894,2025-09-12,2330,"200,001-400,000",1240,1.34,349971662
895,2025-09-12,2330,"400,001-600,000",561,1.06,275439795
896,2025-09-12,2330,"600,001-800,000",315,0.84,218013655
897,2025-09-12,2330,"800,001-1,000,000",233,0.8,209012741
898,2025-09-12,2330,"more than 1,000,001",1539,87.08,22583111979
899,2025-09-12,2330,差異數調整（說明4）,11,-0.0,-146000
900,2025-09-12,2330,total,1575608,100.0,25932615521
