,AMD,NVDA,2330,AAPL,3324
2020-01-02 00:00:00,49.1,239.91,339.0,300.35,218.0
2020-01-03 00:00:00,48.6,236.07,339.5,297.43,206.5
2020-01-06 00:00:00,48.39,237.06,332.0,299.8,199.0
2020-01-07 00:00:00,48.25,239.93,329.5,298.39,189.5
2020-01-08 00:00:00,47.83,240.38,329.5,303.19,189.5
2020-01-09 00:00:00,48.97,243.02,337.5,309.63,191.0
2020-01-10 00:00:00,48.17,244.32,339.5,310.33,186.5
2020-01-13 00:00:00,48.75,251.98,341.5,316.96,190.0
2020-01-14 00:00:00,48.21,247.28,346.0,312.68,193.5
2020-01-15 00:00:00,48.55,245.57,340.0,311.34,190.0
2020-01-16 00:00:00,49.77,248.93,334.5,315.24,188.5
2020-01-17 00:00:00,50.93,249.28,333.0,318.73,187.5
2020-01-21 00:00:00,51.05,247.94,,316.57,
2020-01-22 00:00:00,51.43,250.11,,317.7,
2020-01-23 00:00:00,51.71,252.86,,319.23,
2020-01-24 00:00:00,50.35,250.48,,318.31,
2020-01-27 00:00:00,49.26,240.2,,308.95,
2020-01-28 00:00:00,50.53,247.97,,317.69,
2020-01-29 00:00:00,47.51,245.54,,324.34,
2020-01-30 00:00:00,48.78,245.81,316.5,323.87,167.5
2020-01-31 00:00:00,47.0,236.43,320.0,309.51,164.0
2020-02-03 00:00:00,48.02,240.33,315.0,308.66,159.5
2020-02-04 00:00:00,49.45,247.13,325.0,318.85,165.5
2020-02-05 00:00:00,49.84,250.76,327.5,321.45,157.0
2020-02-06 00:00:00,49.32,254.25,332.5,325.21,171.0
2020-02-07 00:00:00,49.73,251.59,328.0,320.03,162.0
2020-02-10 00:00:00,52.26,262.97,327.5,321.55,158.0
2020-02-11 00:00:00,53.8,267.89,331.5,319.61,163.0
2020-02-12 00:00:00,53.89,272.54,335.0,327.2,167.0
2020-02-13 00:00:00,54.53,270.78,335.0,324.87,170.0
2020-02-14 00:00:00,55.31,289.79,335.0,324.95,171.0
2020-02-18 00:00:00,56.89,296.57,322.0,319.0,167.0
2020-02-19 00:00:00,58.9,314.7,326.5,323.62,168.0
2020-02-20 00:00:00,57.27,308.7,325.5,320.3,168.5
2020-02-21 00:00:00,53.28,294.07,325.0,313.05,166.0
2020-02-24 00:00:00,49.12,273.28,320.0,298.18,163.0
2020-02-25 00:00:00,47.57,262.05,322.0,288.08,166.0
2020-02-26 00:00:00,47.49,267.65,318.5,292.65,170.0
2020-02-27 00:00:00,44.01,252.6,316.0,273.52,161.0
2020-02-28 00:00:00,45.48,270.07,,273.36,
2020-03-02 00:00:00,47.46,276.43,311.0,298.81,163.5
2020-03-03 00:00:00,46.75,265.89,317.5,289.32,163.0
2020-03-04 00:00:00,50.11,284.51,320.5,302.74,162.5
2020-03-05 00:00:00,48.11,273.29,323.0,292.92,165.0
2020-03-06 00:00:00,48.59,266.04,315.0,289.03,167.0
2020-03-09 00:00:00,43.27,245.44,305.5,266.17,158.0
2020-03-10 00:00:00,45.38,261.08,307.0,285.34,165.0
2020-03-11 00:00:00,45.7,246.47,302.0,275.43,155.5
2020-03-12 00:00:00,39.01,216.31,294.0,248.23,140.0
2020-03-13 00:00:00,43.9,240.84,290.0,277.97,128.5
2020-03-16 00:00:00,38.71,196.4,276.5,242.21,116.0
2020-03-17 00:00:00,41.88,217.27,268.0,252.86,106.0
2020-03-18 00:00:00,39.12,202.82,260.0,246.67,111.5
2020-03-19 00:00:00,39.82,212.97,248.0,244.78,107.5
2020-03-20 00:00:00,39.61,205.75,270.0,229.24,116.0
2020-03-23 00:00:00,41.64,212.69,255.0,224.37,109.0
2020-03-24 00:00:00,46.22,249.18,267.5,246.88,117.0
2020-03-25 00:00:00,44.63,245.62,277.0,245.52,119.5
2020-03-26 00:00:00,47.5,257.24,280.0,258.44,127.0
2020-03-27 00:00:00,46.58,252.73,273.0,247.74,123.0
2020-03-30 00:00:00,47.86,265.59,267.5,254.81,127.0
2020-03-31 00:00:00,45.48,263.6,274.0,254.29,127.5
2020-04-01 00:00:00,43.66,243.07,271.5,240.91,129.0
2020-04-02 00:00:00,44.49,255.47,,244.93,
2020-04-03 00:00:00,42.59,243.91,,241.41,
2020-04-06 00:00:00,47.52,268.4,275.5,262.47,137.0
2020-04-07 00:00:00,47.56,259.03,283.0,259.43,143.5
2020-04-08 00:00:00,48.79,266.95,285.0,266.07,144.0
2020-04-09 00:00:00,48.38,262.95,283.0,267.99,141.0
2020-04-13 00:00:00,50.94,269.85,278.5,273.25,146.0
2020-04-14 00:00:00,54.93,283.95,285.0,287.05,149.0
2020-04-15 00:00:00,54.99,280.84,287.5,284.43,148.0
2020-04-16 00:00:00,56.95,294.7,286.5,286.69,149.5
2020-04-17 00:00:00,56.6,292.32,306.5,282.8,147.0
2020-04-20 00:00:00,56.97,287.05,304.0,276.93,159.0
2020-04-21 00:00:00,52.92,269.51,295.0,268.37,157.0
2020-04-22 00:00:00,55.92,286.15,294.0,276.1,164.5
2020-04-23 00:00:00,55.9,284.01,295.5,275.03,165.5
2020-04-24 00:00:00,56.18,289.59,294.0,282.97,163.0
2020-04-27 00:00:00,56.49,297.08,298.0,283.17,166.0
2020-04-28 00:00:00,55.51,291.36,296.5,278.58,170.5
2020-04-29 00:00:00,53.66,298.46,299.0,287.73,173.5
2020-04-30 00:00:00,52.39,292.28,304.5,293.8,174.0
2020-05-01 00:00:00,49.88,282.78,,289.07,
2020-05-04 00:00:00,52.56,291.29,295.0,293.16,171.5
2020-05-05 00:00:00,52.19,293.74,295.5,297.56,170.0
2020-05-06 00:00:00,52.16,297.79,296.0,300.63,166.0
2020-05-07 00:00:00,51.95,304.87,297.5,303.74,173.0
2020-05-08 00:00:00,53.19,312.5,297.5,310.13,169.0
2020-05-11 00:00:00,55.74,322.62,301.0,315.01,170.0
2020-05-12 00:00:00,53.76,312.1,295.0,311.41,168.5
2020-05-13 00:00:00,52.18,311.2,297.0,307.65,168.0
2020-05-14 00:00:00,54.51,321.22,293.0,309.54,161.5
2020-05-15 00:00:00,54.2,339.63,298.0,307.71,161.5
2020-05-18 00:00:00,54.59,350.01,290.0,314.96,162.5
2020-05-19 00:00:00,55.47,352.22,291.5,313.14,165.5
2020-05-20 00:00:00,56.39,358.8,294.0,319.23,163.5
2020-05-21 00:00:00,54.65,351.01,297.5,316.85,164.5
2020-05-22 00:00:00,55.17,361.05,292.0,318.89,160.0
2020-05-26 00:00:00,53.19,348.71,295.5,316.73,163.0
2020-05-27 00:00:00,52.74,341.01,296.5,318.11,163.0
2020-05-28 00:00:00,51.74,339.48,294.0,318.25,163.5
2020-05-29 00:00:00,53.8,355.02,292.0,317.94,169.5
2020-06-01 00:00:00,53.63,352.25,295.5,321.85,170.0
2020-06-02 00:00:00,53.54,353.01,296.5,323.34,171.0
2020-06-03 00:00:00,52.73,350.78,301.0,325.12,175.0
2020-06-04 00:00:00,52.63,350.66,306.0,322.32,177.5
2020-06-05 00:00:00,53.1,356.8,311.5,331.5,176.5
2020-06-08 00:00:00,52.97,352.2,318.0,333.46,176.5
2020-06-09 00:00:00,56.39,361.84,319.0,343.99,169.5
2020-06-10 00:00:00,57.44,374.67,322.5,352.84,168.5
2020-06-11 00:00:00,52.83,351.85,320.5,335.9,163.5
2020-06-12 00:00:00,53.5,357.3,316.0,338.8,167.0
2020-06-15 00:00:00,54.68,366.95,309.5,342.99,163.0
2020-06-16 00:00:00,54.46,362.74,315.0,352.08,171.0
2020-06-17 00:00:00,54.55,369.44,315.0,351.59,169.0
2020-06-18 00:00:00,54.04,368.72,314.5,351.73,167.5
2020-06-19 00:00:00,54.23,370.45,314.5,349.72,170.0
2020-06-22 00:00:00,54.76,381.07,312.0,358.87,170.5
2020-06-23 00:00:00,53.99,378.0,315.0,366.53,168.5
2020-06-24 00:00:00,52.39,369.42,317.5,360.06,169.5
2020-06-25 00:00:00,51.93,379.6,,364.84,
2020-06-26 00:00:00,50.1,366.2,,353.63,
2020-06-29 00:00:00,50.28,368.0,312.0,361.78,168.0
2020-06-30 00:00:00,52.61,379.91,313.0,364.8,171.5
2020-07-01 00:00:00,52.58,381.2,317.5,364.11,176.5
2020-07-02 00:00:00,52.34,384.49,322.0,364.11,177.5
2020-07-06 00:00:00,53.4,393.57,338.0,373.85,188.5
2020-07-07 00:00:00,52.93,394.87,338.5,372.69,183.5
2020-07-08 00:00:00,53.43,408.64,341.0,381.37,194.0
2020-07-09 00:00:00,57.26,420.36,345.0,383.01,188.5
2020-07-10 00:00:00,55.88,419.17,348.5,383.68,179.5
2020-07-13 00:00:00,53.59,402.09,354.5,381.91,183.0
2020-07-14 00:00:00,54.72,415.08,363.5,388.23,185.0
2020-07-15 00:00:00,55.34,409.09,363.0,390.9,202.0
2020-07-16 00:00:00,54.92,405.39,357.5,386.09,210.5
2020-07-17 00:00:00,55.04,408.06,367.0,385.31,201.0
2020-07-20 00:00:00,57.46,420.43,366.0,393.43,210.0
2020-07-21 00:00:00,57.0,413.14,383.0,388.0,209.0
2020-07-22 00:00:00,61.79,417.55,384.0,389.09,220.0
2020-07-23 00:00:00,59.57,405.19,381.5,371.38,216.5
2020-07-24 00:00:00,69.4,407.78,386.0,370.46,209.5
2020-07-27 00:00:00,68.97,416.86,424.5,379.24,212.0
2020-07-28 00:00:00,67.61,408.62,435.0,373.01,208.0
2020-07-29 00:00:00,76.09,418.62,422.0,380.16,220.0
2020-07-30 00:00:00,78.2,424.56,434.0,384.76,220.0
2020-07-31 00:00:00,77.43,424.59,425.5,425.04,228.5
2020-08-03 00:00:00,77.67,440.41,416.0,435.75,228.5
2020-08-04 00:00:00,85.04,449.11,425.5,438.66,224.0
2020-08-05 00:00:00,85.31,451.47,429.0,440.25,232.0
2020-08-06 00:00:00,86.71,453.42,435.0,455.61,237.0
2020-08-07 00:00:00,84.85,447.98,433.0,444.45,233.5
2020-08-10 00:00:00,82.24,446.6,435.5,450.91,232.5
2020-08-11 00:00:00,76.88,434.0,429.0,437.5,226.0
2020-08-12 00:00:00,82.61,457.61,419.0,452.04,227.0
2020-08-13 00:00:00,81.84,457.72,429.0,460.04,223.0
2020-08-14 00:00:00,81.3,462.56,427.0,459.63,231.0
2020-08-17 00:00:00,82.42,493.48,435.0,458.43,232.5
2020-08-18 00:00:00,81.66,490.43,433.0,462.25,237.0
2020-08-19 00:00:00,81.09,485.54,427.5,462.83,247.0
2020-08-20 00:00:00,82.77,485.64,415.0,473.1,223.0
2020-08-21 00:00:00,83.81,507.34,424.5,497.48,218.5
2020-08-24 00:00:00,83.08,508.81,428.0,503.43,220.5
2020-08-25 00:00:00,86.35,510.0,434.5,499.3,229.0
2020-08-26 00:00:00,86.02,510.92,442.0,506.09,224.0
2020-08-27 00:00:00,83.8,505.13,444.0,500.04,227.0
2020-08-28 00:00:00,85.55,525.91,435.0,499.23,221.0
2020-08-31 00:00:00,90.82,534.98,426.5,129.04,222.0
2020-09-01 00:00:00,92.18,552.84,435.0,134.18,224.0
2020-09-02 00:00:00,90.22,573.86,433.0,131.4,226.0
2020-09-03 00:00:00,82.54,520.62,436.0,120.88,231.5
2020-09-04 00:00:00,82.01,504.9,429.0,120.96,231.5
2020-09-08 00:00:00,78.69,476.52,431.0,112.82,222.0
2020-09-09 00:00:00,81.91,508.6,427.0,117.32,221.0
2020-09-10 00:00:00,78.98,492.47,435.0,113.49,225.0
2020-09-11 00:00:00,76.34,486.58,436.5,112.0,221.0
2020-09-14 00:00:00,77.9,514.89,441.0,115.355,222.0
2020-09-15 00:00:00,78.93,519.64,445.0,115.54,226.0
2020-09-16 00:00:00,76.66,500.58,458.0,112.13,233.0
2020-09-17 00:00:00,76.55,498.54,448.5,110.34,237.0
2020-09-18 00:00:00,74.93,487.57,444.0,106.84,240.5
2020-09-21 00:00:00,77.94,500.69,440.0,110.08,233.5
2020-09-22 00:00:00,77.7,505.51,437.0,111.81,232.5
2020-09-23 00:00:00,74.73,484.95,433.5,107.12,237.0
2020-09-24 00:00:00,75.82,493.92,423.0,108.22,227.0
2020-09-25 00:00:00,78.055,514.95,424.0,112.28,220.0
2020-09-28 00:00:00,79.48,521.4,431.5,114.96,231.5
2020-09-29 00:00:00,81.77,529.03,431.0,114.09,235.5
2020-09-30 00:00:00,81.99,541.22,433.0,115.81,239.5
2020-10-01 00:00:00,84.86,544.58,,116.79,
2020-10-02 00:00:00,81.8,522.49,,113.02,
2020-10-05 00:00:00,86.15,545.7,432.5,116.5,238.0
2020-10-06 00:00:00,84.48,549.46,439.5,113.16,237.0
2020-10-07 00:00:00,86.69,558.56,443.0,115.08,239.5
2020-10-08 00:00:00,86.51,553.55,453.0,114.97,234.5
2020-10-09 00:00:00,83.1,550.51,,116.97,
2020-10-12 00:00:00,84.29,569.04,460.0,124.4,232.0
2020-10-13 00:00:00,85.28,569.93,462.0,121.1,234.0
2020-10-14 00:00:00,84.21,563.81,459.0,121.19,231.0
2020-10-15 00:00:00,83.13,558.8,453.0,120.71,229.5
2020-10-16 00:00:00,83.17,552.46,449.0,119.02,224.0
2020-10-19 00:00:00,82.0,539.91,457.5,115.98,225.5
2020-10-20 00:00:00,81.56,545.82,451.0,117.51,221.5
2020-10-21 00:00:00,79.2,540.99,453.0,116.87,219.0
2020-10-22 00:00:00,79.42,534.44,455.0,115.75,215.0
2020-10-23 00:00:00,81.96,543.61,452.0,115.04,224.5
2020-10-26 00:00:00,82.23,525.65,450.0,115.05,218.5
2020-10-27 00:00:00,78.88,535.87,447.0,116.6,220.5
2020-10-28 00:00:00,76.4,505.08,444.0,111.2,218.0
2020-10-29 00:00:00,78.02,520.96,437.0,115.32,220.5
2020-10-30 00:00:00,75.29,501.36,432.0,108.86,219.0
2020-11-02 00:00:00,74.7,503.23,435.5,108.77,216.5
2020-11-03 00:00:00,76.58,520.78,441.0,110.44,222.5
2020-11-04 00:00:00,81.35,551.77,450.0,114.95,234.5
2020-11-05 00:00:00,83.0,566.4,451.0,119.03,228.5
2020-11-06 00:00:00,85.88,582.48,452.5,118.69,233.5
2020-11-09 00:00:00,83.12,545.23,458.5,116.32,239.0
2020-11-10 00:00:00,77.99,510.8,451.0,115.97,235.0
2020-11-11 00:00:00,81.28,536.72,457.0,119.49,241.0
2020-11-12 00:00:00,81.84,538.27,458.0,119.21,265.0
2020-11-13 00:00:00,81.43,531.88,462.0,119.26,257.5
2020-11-16 00:00:00,83.73,540.61,484.0,120.3,258.5
2020-11-17 00:00:00,83.36,536.89,485.5,119.39,239.0
2020-11-18 00:00:00,82.54,537.15,497.0,118.03,239.5
2020-11-19 00:00:00,85.54,537.61,490.0,118.64,241.0
2020-11-20 00:00:00,84.64,523.51,488.0,117.34,239.0
2020-11-23 00:00:00,85.31,525.6,496.5,113.85,236.0
2020-11-24 00:00:00,85.07,518.31,492.0,115.17,238.0
2020-11-25 00:00:00,86.71,529.39,487.0,116.03,235.0
2020-11-27 00:00:00,87.19,530.45,489.0,116.59,236.0
2020-11-30 00:00:00,92.66,536.06,480.5,119.05,233.0
2020-12-01 00:00:00,92.63,535.6,490.0,122.72,236.0
2020-12-02 00:00:00,93.74,541.78,499.0,123.08,228.0
2020-12-03 00:00:00,92.31,535.84,497.0,122.94,220.5
2020-12-04 00:00:00,94.04,542.33,503.0,122.25,219.0
2020-12-07 00:00:00,94.07,544.27,514.0,123.75,224.5
2020-12-08 00:00:00,92.92,534.0,524.0,124.38,224.5
2020-12-09 00:00:00,89.83,517.23,520.0,121.78,226.5
2020-12-10 00:00:00,91.66,518.89,512.0,123.24,219.0
2020-12-11 00:00:00,91.65,520.53,516.0,122.41,214.0
2020-12-14 00:00:00,94.78,532.35,508.0,121.78,219.0
2020-12-15 00:00:00,97.12,534.42,504.0,127.88,214.5
2020-12-16 00:00:00,96.85,529.7,512.0,127.81,220.0
2020-12-17 00:00:00,96.84,533.65,508.0,128.7,218.5
2020-12-18 00:00:00,95.92,530.88,510.0,126.655,217.0
2020-12-21 00:00:00,93.23,533.29,516.0,128.23,215.0
2020-12-22 00:00:00,93.16,531.13,509.0,131.88,210.5
2020-12-23 00:00:00,91.55,520.37,509.0,130.96,210.5
2020-12-24 00:00:00,91.81,519.75,510.0,131.97,215.0
2020-12-28 00:00:00,91.6,516.0,515.0,136.69,213.0
2020-12-29 00:00:00,90.62,517.73,515.0,134.87,211.5
2020-12-30 00:00:00,92.29,525.83,525.0,133.72,217.0
2020-12-31 00:00:00,91.71,522.2,530.0,132.69,214.0
2021-01-04 00:00:00,92.3,524.54,536.0,129.41,215.5
2021-01-05 00:00:00,92.77,536.19,542.0,131.01,221.5
2021-01-06 00:00:00,90.33,504.58,549.0,126.6,214.0
2021-01-07 00:00:00,95.16,533.76,565.0,130.92,215.5
2021-01-08 00:00:00,94.58,531.07,580.0,132.05,224.5
2021-01-11 00:00:00,97.25,544.86,584.0,128.98,225.5
2021-01-12 00:00:00,95.355,539.39,591.0,128.8,231.0
2021-01-13 00:00:00,91.78,541.27,605.0,130.89,239.5
2021-01-14 00:00:00,90.79,528.01,592.0,128.91,245.0
2021-01-15 00:00:00,88.21,514.38,601.0,127.14,244.5
2021-01-19 00:00:00,89.45,521.01,627.0,127.83,238.5
2021-01-20 00:00:00,88.75,534.63,647.0,132.03,224.0
2021-01-21 00:00:00,91.53,554.7,673.0,136.87,226.5
2021-01-22 00:00:00,92.79,548.5,649.0,139.07,222.0
2021-01-25 00:00:00,94.13,546.13,633.0,142.92,222.0
2021-01-26 00:00:00,94.71,537.41,617.0,143.16,219.0
2021-01-27 00:00:00,88.84,516.71,615.0,142.06,217.5
2021-01-28 00:00:00,87.52,522.04,601.0,137.09,215.0
2021-01-29 00:00:00,85.64,519.59,591.0,131.96,212.0
2021-02-01 00:00:00,87.66,529.48,611.0,134.14,208.5
2021-02-02 00:00:00,88.86,542.27,632.0,134.99,209.0
2021-02-03 00:00:00,87.89,541.22,630.0,133.94,210.0
2021-02-04 00:00:00,87.84,546.57,627.0,137.39,214.5
2021-02-05 00:00:00,87.9,543.64,632.0,136.76,216.5
2021-02-08 00:00:00,91.47,577.55,,136.91,
2021-02-09 00:00:00,90.91,570.53,,136.01,
2021-02-10 00:00:00,92.35,590.57,,135.39,
2021-02-11 00:00:00,92.66,610.03,,135.13,
2021-02-12 00:00:00,93.77,598.45,,135.37,
2021-02-16 00:00:00,91.46,613.21,,133.19,
2021-02-17 00:00:00,89.94,596.24,663.0,130.84,220.5
2021-02-18 00:00:00,88.64,593.16,660.0,129.71,221.5
2021-02-19 00:00:00,89.58,597.06,652.0,129.87,226.5
2021-02-22 00:00:00,85.37,574.23,650.0,126.0,223.0
2021-02-23 00:00:00,84.74,565.68,641.0,125.86,219.5
2021-02-24 00:00:00,86.94,579.96,625.0,125.35,217.0
2021-02-25 00:00:00,82.42,532.3,635.0,120.99,216.0
2021-02-26 00:00:00,84.51,548.58,606.0,121.26,220.5
2021-03-01 00:00:00,86.39,553.67,,127.79,
2021-03-02 00:00:00,84.13,536.25,609.0,125.12,218.5
2021-03-03 00:00:00,80.86,512.19,622.0,122.06,222.0
2021-03-04 00:00:00,77.75,494.81,601.0,120.13,218.0
2021-03-05 00:00:00,78.52,498.46,601.0,121.42,217.5
2021-03-08 00:00:00,73.96,463.73,598.0,116.36,215.5
2021-03-09 00:00:00,78.53,500.81,595.0,121.085,211.5
2021-03-10 00:00:00,77.52,498.73,597.0,119.98,211.0
2021-03-11 00:00:00,81.23,519.74,609.0,121.96,214.0
2021-03-12 00:00:00,81.05,514.24,614.0,121.03,212.5
2021-03-15 00:00:00,82.5,527.65,611.0,123.99,213.5
2021-03-16 00:00:00,82.75,531.65,613.0,125.57,212.5
2021-03-17 00:00:00,82.63,533.65,604.0,124.76,217.0
2021-03-18 00:00:00,78.12,508.9,602.0,120.53,213.5
2021-03-19 00:00:00,79.06,513.83,591.0,119.99,214.5
2021-03-22 00:00:00,80.3,527.45,593.0,123.39,213.0
2021-03-23 00:00:00,78.38,522.83,594.0,122.54,213.0
2021-03-24 00:00:00,76.48,505.72,576.0,120.09,213.5
2021-03-25 00:00:00,76.22,501.41,575.0,120.59,212.5
2021-03-26 00:00:00,77.41,513.57,590.0,121.21,213.5
2021-03-29 00:00:00,77.14,517.93,599.0,121.39,214.5
2021-03-30 00:00:00,76.0,514.87,597.0,119.9,220.0
2021-03-31 00:00:00,78.5,533.93,587.0,122.15,220.0
2021-04-01 00:00:00,81.09,552.47,602.0,123.0,216.5
2021-04-05 00:00:00,81.43,559.5,,125.9,
2021-04-06 00:00:00,81.44,554.46,610.0,126.21,214.0
2021-04-07 00:00:00,82.2,565.74,610.0,127.9,213.5
2021-04-08 00:00:00,83.35,572.68,613.0,130.36,215.5
2021-04-09 00:00:00,82.76,576.0,610.0,132.995,214.0
2021-04-12 00:00:00,78.58,608.36,605.0,131.24,212.5
2021-04-13 00:00:00,80.19,627.18,605.0,134.43,212.0
2021-04-14 00:00:00,78.55,611.08,612.0,132.03,208.0
2021-04-15 00:00:00,83.01,645.49,619.0,134.5,205.0
2021-04-16 00:00:00,82.15,636.5,610.0,134.16,203.0
2021-04-19 00:00:00,81.11,614.47,603.0,134.84,203.5
2021-04-20 00:00:00,79.27,606.85,602.0,133.11,203.0
2021-04-21 00:00:00,81.61,614.42,592.0,133.5,200.0
2021-04-22 00:00:00,79.06,594.01,591.0,131.94,190.0
2021-04-23 00:00:00,82.76,610.61,602.0,134.32,194.5
2021-04-26 00:00:00,85.41,619.12,610.0,134.72,191.5
2021-04-27 00:00:00,85.21,615.27,610.0,134.39,188.0
2021-04-28 00:00:00,84.02,611.07,602.0,133.58,181.5
2021-04-29 00:00:00,83.91,612.99,600.0,133.48,183.0
2021-04-30 00:00:00,81.62,600.38,,131.46,
2021-05-03 00:00:00,78.55,593.47,588.0,132.54,175.5
2021-05-04 00:00:00,78.61,574.05,591.0,127.85,170.5
2021-05-05 00:00:00,77.83,578.34,585.0,128.1,171.0
2021-05-06 00:00:00,77.89,580.92,587.0,129.74,172.5
2021-05-07 00:00:00,78.81,592.49,599.0,130.21,179.0
2021-05-10 00:00:00,75.99,570.63,589.0,126.85,167.5
2021-05-11 00:00:00,76.83,572.25,571.0,125.91,152.0
2021-05-12 00:00:00,74.64,550.34,560.0,122.77,146.0
2021-05-13 00:00:00,73.09,546.61,547.0,124.97,154.0
2021-05-14 00:00:00,74.59,569.72,557.0,127.45,149.5
2021-05-17 00:00:00,74.65,566.62,549.0,126.27,136.0
2021-05-18 00:00:00,74.44,560.63,572.0,124.85,149.5
2021-05-19 00:00:00,76.23,562.63,567.0,124.69,152.0
2021-05-20 00:00:00,78.06,584.5,567.0,127.31,148.0
2021-05-21 00:00:00,77.17,599.67,573.0,125.43,158.5
2021-05-24 00:00:00,77.44,624.48,568.0,127.1,160.5
2021-05-25 00:00:00,77.86,625.91,583.0,126.9,161.0
2021-05-26 00:00:00,78.34,628.0,585.0,126.85,160.0
2021-05-27 00:00:00,78.42,619.52,582.0,125.28,160.5
2021-05-28 00:00:00,80.08,649.78,590.0,124.61,167.0
2021-06-01 00:00:00,80.81,650.58,598.0,124.28,175.5
2021-06-02 00:00:00,81.97,671.13,595.0,125.06,170.0
2021-06-03 00:00:00,80.28,678.79,596.0,123.54,170.5
2021-06-04 00:00:00,81.58,703.13,595.0,125.89,170.0
2021-06-07 00:00:00,81.35,704.76,592.0,125.9,176.5
2021-06-08 00:00:00,80.89,698.28,589.0,126.74,174.5
2021-06-09 00:00:00,79.96,694.33,586.0,127.13,172.5
2021-06-10 00:00:00,81.56,697.0,599.0,126.11,175.0
2021-06-11 00:00:00,81.31,713.01,602.0,127.35,174.0
2021-06-14 00:00:00,81.55,720.75,,130.48,
2021-06-15 00:00:00,80.47,711.54,609.0,129.64,178.5
2021-06-16 00:00:00,80.11,712.41,605.0,130.15,174.0
2021-06-17 00:00:00,84.56,746.29,606.0,131.79,177.5
2021-06-18 00:00:00,84.65,745.55,603.0,130.46,195.0
2021-06-21 00:00:00,82.59,737.09,583.0,132.3,206.0
2021-06-22 00:00:00,83.58,755.47,578.0,133.98,199.5
2021-06-23 00:00:00,83.82,762.29,595.0,133.7,198.0
2021-06-24 00:00:00,86.1,768.22,590.0,133.41,199.5
2021-06-25 00:00:00,85.62,761.24,591.0,133.11,196.0
2021-06-28 00:00:00,87.08,799.4,590.0,134.78,192.0
2021-06-29 00:00:00,89.52,801.07,595.0,136.33,190.5
2021-06-30 00:00:00,93.93,800.1,595.0,136.96,188.0
2021-07-01 00:00:00,93.31,808.48,593.0,137.27,185.0
2021-07-02 00:00:00,94.7,819.48,588.0,139.96,187.5
2021-07-06 00:00:00,94.47,827.94,592.0,142.02,186.0
2021-07-07 00:00:00,90.54,814.87,594.0,144.57,192.0
2021-07-08 00:00:00,89.74,796.11,588.0,143.24,192.0
2021-07-09 00:00:00,90.9,802.01,584.0,145.11,188.5
2021-07-12 00:00:00,90.81,820.5,593.0,144.5,183.5
2021-07-13 00:00:00,90.26,810.0,607.0,145.64,179.0
2021-07-14 00:00:00,89.05,793.66,613.0,149.15,184.0
2021-07-15 00:00:00,86.93,758.65,614.0,148.48,183.5
2021-07-16 00:00:00,85.89,726.44,589.0,146.39,183.5
2021-07-19 00:00:00,86.58,751.19,582.0,142.45,180.5
2021-07-20 00:00:00,87.11,186.12,581.0,146.15,180.0
2021-07-21 00:00:00,89.41,194.1,585.0,145.4,184.0
2021-07-22 00:00:00,91.21,195.94,591.0,146.8,186.0
2021-07-23 00:00:00,92.15,195.58,585.0,148.56,186.5
2021-07-26 00:00:00,91.82,192.94,580.0,148.99,188.0
2021-07-27 00:00:00,91.03,192.08,580.0,146.77,184.0
2021-07-28 00:00:00,97.93,195.03,579.0,144.98,179.5
2021-07-29 00:00:00,102.95,196.62,583.0,145.64,180.5
2021-07-30 00:00:00,106.19,194.99,580.0,145.86,178.5
2021-08-02 00:00:00,108.63,197.5,590.0,145.52,181.5
2021-08-03 00:00:00,112.56,198.15,594.0,147.36,182.0
2021-08-04 00:00:00,118.77,202.74,596.0,146.95,190.0
2021-08-05 00:00:00,112.35,206.37,596.0,147.06,188.5
2021-08-06 00:00:00,110.11,203.66,591.0,146.14,187.0
2021-08-09 00:00:00,107.58,202.95,595.0,146.09,179.0
2021-08-10 00:00:00,106.48,199.36,591.0,145.6,173.0
2021-08-11 00:00:00,107.68,196.99,590.0,145.86,167.0
2021-08-12 00:00:00,106.5,199.05,586.0,148.89,169.0
2021-08-13 00:00:00,110.55,201.88,581.0,149.1,161.0
2021-08-16 00:00:00,107.48,199.5,584.0,151.12,152.0
2021-08-17 00:00:00,107.56,194.58,580.0,150.19,151.0
2021-08-18 00:00:00,103.44,190.4,574.0,146.36,157.0
2021-08-19 00:00:00,103.7,197.98,559.0,146.7,156.0
2021-08-20 00:00:00,104.65,208.16,552.0,148.19,156.0
2021-08-23 00:00:00,108.77,219.58,566.0,149.71,161.0
2021-08-24 00:00:00,107.65,217.93,572.0,149.62,176.5
2021-08-25 00:00:00,108.3,222.13,585.0,148.36,173.0
2021-08-26 00:00:00,107.27,220.68,594.0,147.54,169.0
2021-08-27 00:00:00,111.4,226.36,599.0,148.6,167.0
2021-08-30 00:00:00,111.32,226.88,605.0,153.12,169.0
2021-08-31 00:00:00,110.72,223.85,614.0,151.83,172.5
2021-09-01 00:00:00,109.99,224.41,613.0,152.51,186.5
2021-09-02 00:00:00,109.2,223.96,607.0,153.65,189.0
2021-09-03 00:00:00,109.92,228.43,620.0,154.3,187.0
2021-09-07 00:00:00,109.15,226.62,623.0,156.69,164.5
2021-09-08 00:00:00,106.17,223.39,619.0,155.11,158.0
2021-09-09 00:00:00,106.15,221.77,619.0,154.07,164.5
2021-09-10 00:00:00,105.2,224.78,622.0,148.97,168.0
2021-09-13 00:00:00,104.8,221.52,615.0,149.55,169.0
2021-09-14 00:00:00,105.73,222.42,613.0,148.12,168.5
2021-09-15 00:00:00,105.6,223.41,607.0,149.03,164.0
2021-09-16 00:00:00,106.22,222.42,600.0,148.79,162.0
2021-09-17 00:00:00,103.88,219.0,600.0,146.06,168.0
2021-09-20 00:00:00,101.55,211.13,,142.94,
2021-09-21 00:00:00,102.82,212.46,,143.43,
2021-09-22 00:00:00,104.38,219.41,586.0,145.85,166.5
2021-09-23 00:00:00,106.15,224.82,588.0,146.83,170.0
2021-09-24 00:00:00,105.8,220.81,598.0,146.92,177.0
2021-09-27 00:00:00,108.16,216.6,602.0,145.37,172.0
2021-09-28 00:00:00,101.52,206.99,594.0,141.91,166.0
2021-09-29 00:00:00,100.35,205.17,580.0,142.83,164.5
2021-09-30 00:00:00,102.9,207.16,580.0,141.5,165.5
2021-10-01 00:00:00,102.45,207.42,574.0,142.65,161.0
2021-10-04 00:00:00,100.34,197.32,572.0,139.14,155.0
2021-10-05 00:00:00,101.81,204.51,572.0,141.11,158.5
2021-10-06 00:00:00,103.64,207.0,571.0,142.0,156.0
2021-10-07 00:00:00,106.45,210.75,580.0,143.29,161.0
2021-10-08 00:00:00,105.06,208.31,575.0,142.9,162.0
2021-10-11 00:00:00,104.68,206.95,,142.81,
2021-10-12 00:00:00,105.04,206.71,575.0,141.51,158.0
2021-10-13 00:00:00,109.16,209.39,571.0,140.91,158.0
2021-10-14 00:00:00,111.99,217.46,573.0,143.76,156.5
2021-10-15 00:00:00,112.12,218.62,600.0,144.84,159.5
2021-10-18 00:00:00,116.43,222.22,590.0,146.55,159.5
2021-10-19 00:00:00,116.33,222.9,600.0,148.76,162.0
2021-10-20 00:00:00,116.39,221.03,598.0,149.26,160.5
2021-10-21 00:00:00,119.33,226.92,596.0,149.48,160.5
2021-10-22 00:00:00,119.82,227.26,600.0,148.69,163.0
2021-10-25 00:00:00,122.36,231.66,593.0,148.64,161.5
2021-10-26 00:00:00,122.93,247.17,599.0,149.32,158.5
2021-10-27 00:00:00,122.28,244.51,599.0,148.85,158.5
2021-10-28 00:00:00,121.16,249.41,595.0,152.57,158.5
2021-10-29 00:00:00,120.23,255.67,590.0,149.8,159.5
2021-11-01 00:00:00,125.23,258.27,590.0,148.96,163.5
2021-11-02 00:00:00,127.63,264.01,592.0,150.02,158.5
2021-11-03 00:00:00,130.53,265.98,592.0,151.49,160.0
2021-11-04 00:00:00,137.5,298.01,587.0,150.96,161.0
2021-11-05 00:00:00,136.34,297.52,600.0,151.28,161.5
2021-11-08 00:00:00,150.16,308.04,602.0,150.44,157.5
2021-11-09 00:00:00,148.92,306.57,611.0,150.81,159.0
2021-11-10 00:00:00,139.87,294.59,612.0,147.92,162.5
2021-11-11 00:00:00,146.01,303.9,606.0,147.87,168.0
2021-11-12 00:00:00,147.89,303.9,604.0,149.99,171.0
2021-11-15 00:00:00,146.49,300.25,608.0,150.0,169.0
2021-11-16 00:00:00,152.45,302.03,610.0,151.0,173.0
2021-11-17 00:00:00,151.34,292.61,610.0,153.49,179.0
2021-11-18 00:00:00,155.02,316.75,613.0,157.87,176.0
2021-11-19 00:00:00,155.41,329.85,618.0,160.55,178.0
2021-11-22 00:00:00,152.52,319.56,615.0,161.02,186.0
2021-11-23 00:00:00,149.92,317.46,612.0,161.41,185.0
2021-11-24 00:00:00,157.8,326.74,603.0,161.94,184.5
2021-11-26 00:00:00,154.81,315.03,596.0,156.81,180.0
2021-11-29 00:00:00,161.91,333.76,593.0,160.24,188.5
2021-11-30 00:00:00,158.37,326.76,596.0,165.3,191.5
2021-12-01 00:00:00,149.11,314.35,600.0,164.77,193.0
2021-12-02 00:00:00,150.68,321.26,615.0,163.76,189.5
2021-12-03 00:00:00,144.01,306.93,608.0,161.84,189.5
2021-12-06 00:00:00,139.06,300.37,600.0,165.32,193.5
2021-12-07 00:00:00,144.85,324.27,607.0,171.18,194.5
2021-12-08 00:00:00,145.24,318.26,602.0,175.08,203.0
2021-12-09 00:00:00,138.1,304.9,608.0,174.56,202.5
2021-12-10 00:00:00,138.55,301.98,605.0,179.45,194.5
2021-12-13 00:00:00,133.8,281.61,601.0,175.74,196.0
2021-12-14 00:00:00,135.6,283.37,599.0,174.33,197.0
2021-12-15 00:00:00,146.5,304.59,600.0,179.3,196.5
2021-12-16 00:00:00,138.64,283.87,605.0,172.26,200.5
2021-12-17 00:00:00,137.75,278.01,607.0,171.14,193.0
2021-12-20 00:00:00,135.8,277.19,598.0,169.75,193.0
2021-12-21 00:00:00,144.25,290.75,597.0,172.99,200.5
2021-12-22 00:00:00,143.88,294.0,600.0,175.64,203.5
2021-12-23 00:00:00,146.14,296.4,606.0,176.28,203.0
2021-12-27 00:00:00,154.36,309.45,606.0,180.33,202.0
2021-12-28 00:00:00,153.15,303.22,615.0,179.29,198.0
2021-12-29 00:00:00,148.26,300.01,616.0,179.38,202.0
2021-12-30 00:00:00,145.15,295.86,615.0,178.2,202.0
2021-12-31 00:00:00,143.9,294.11,,177.57,
2022-01-03 00:00:00,150.24,301.21,631.0,182.01,203.0
2022-01-04 00:00:00,144.42,292.9,656.0,179.7,205.0
2022-01-05 00:00:00,136.15,276.04,650.0,174.92,202.5
2022-01-06 00:00:00,136.23,281.78,644.0,172.0,212.5
2022-01-07 00:00:00,132.0,272.47,634.0,172.17,219.5
2022-01-10 00:00:00,132.0,274.0,643.0,172.19,224.0
2022-01-11 00:00:00,137.31,278.17,651.0,175.08,217.0
2022-01-12 00:00:00,137.47,279.99,660.0,175.53,220.5
2022-01-13 00:00:00,132.74,265.75,661.0,172.19,217.0
2022-01-14 00:00:00,136.88,269.42,672.0,173.07,219.5
2022-01-18 00:00:00,131.93,259.03,662.0,169.8,224.0
2022-01-19 00:00:00,128.27,250.67,654.0,166.23,220.0
2022-01-20 00:00:00,121.89,241.5,651.0,164.51,221.0
2022-01-21 00:00:00,118.81,233.74,641.0,162.41,209.0
2022-01-24 00:00:00,116.53,233.72,653.0,161.62,209.5
2022-01-25 00:00:00,111.13,223.24,641.0,159.78,202.5
2022-01-26 00:00:00,110.71,227.72,636.0,159.69,218.0
2022-01-27 00:00:00,102.6,219.44,,159.22,
2022-01-28 00:00:00,105.24,228.4,,170.33,
2022-01-31 00:00:00,114.25,244.86,,174.78,
2022-02-01 00:00:00,116.78,246.38,,174.61,
2022-02-02 00:00:00,122.76,252.42,,175.84,
2022-02-03 00:00:00,120.08,239.48,,172.9,
2022-02-04 00:00:00,123.6,243.19,,172.39,
2022-02-07 00:00:00,123.67,247.28,635.0,171.66,232.5
2022-02-08 00:00:00,128.23,251.08,628.0,174.83,237.0
2022-02-09 00:00:00,132.85,267.05,633.0,176.28,236.5
2022-02-10 00:00:00,125.77,258.24,649.0,172.12,230.0
2022-02-11 00:00:00,113.18,239.49,650.0,168.64,229.5
2022-02-14 00:00:00,114.27,242.67,637.0,168.88,231.0
2022-02-15 00:00:00,121.47,264.95,633.0,172.79,240.0
2022-02-16 00:00:00,117.69,265.11,646.0,172.55,242.5
2022-02-17 00:00:00,112.37,245.07,645.0,168.88,243.0
2022-02-18 00:00:00,113.83,236.42,637.0,167.3,250.0
2022-02-22 00:00:00,115.65,233.9,627.0,164.32,238.0
2022-02-23 00:00:00,109.76,223.87,625.0,160.07,252.0
2022-02-24 00:00:00,116.61,237.48,604.0,162.74,253.5
2022-02-25 00:00:00,121.06,241.57,604.0,164.85,255.5
2022-02-28 00:00:00,123.34,243.85,,165.12,
2022-03-01 00:00:00,113.83,234.77,604.0,163.2,251.5
2022-03-02 00:00:00,118.28,242.2,601.0,166.56,246.5
2022-03-03 00:00:00,111.98,237.14,602.0,166.23,239.5
2022-03-04 00:00:00,108.41,229.36,595.0,163.17,232.0
2022-03-07 00:00:00,102.95,213.52,576.0,159.3,218.5
2022-03-08 00:00:00,105.53,215.14,563.0,157.44,210.5
2022-03-09 00:00:00,111.05,230.14,568.0,162.95,215.0
2022-03-10 00:00:00,106.46,226.58,587.0,158.52,219.5
2022-03-11 00:00:00,104.29,221.0,575.0,154.73,216.0
2022-03-14 00:00:00,102.25,213.3,572.0,150.62,222.0
2022-03-15 00:00:00,109.33,229.73,558.0,155.09,203.5
2022-03-16 00:00:00,115.37,244.96,558.0,159.59,215.0
2022-03-17 00:00:00,111.69,247.66,582.0,160.62,220.0
2022-03-18 00:00:00,113.46,264.53,581.0,163.98,219.5
2022-03-21 00:00:00,115.92,267.34,586.0,165.38,206.5
2022-03-22 00:00:00,114.78,265.24,583.0,168.82,199.5
2022-03-23 00:00:00,113.92,256.34,590.0,170.21,214.0
2022-03-24 00:00:00,120.53,281.5,591.0,174.07,209.0
2022-03-25 00:00:00,119.67,276.92,598.0,174.72,205.5
2022-03-28 00:00:00,120.24,282.19,584.0,175.6,204.0
2022-03-29 00:00:00,123.23,286.56,589.0,178.96,207.5
2022-03-30 00:00:00,119.22,276.9,600.0,177.77,206.5
2022-03-31 00:00:00,109.34,272.86,597.0,174.61,205.0
2022-04-01 00:00:00,108.19,267.12,589.0,174.31,207.0
2022-04-04 00:00:00,110.53,273.6,,178.44,
2022-04-05 00:00:00,106.82,259.31,,175.06,
2022-04-06 00:00:00,103.67,244.07,578.0,171.83,203.0
2022-04-07 00:00:00,103.72,242.08,566.0,172.14,194.5
2022-04-08 00:00:00,101.0,231.19,567.0,170.09,198.0
2022-04-11 00:00:00,97.37,219.17,558.0,165.75,186.5
2022-04-12 00:00:00,95.1,215.04,557.0,167.66,188.0
2022-04-13 00:00:00,97.74,222.03,573.0,170.4,184.0
2022-04-14 00:00:00,93.06,212.58,573.0,165.29,185.0
2022-04-18 00:00:00,93.89,217.83,561.0,165.07,182.5
2022-04-19 00:00:00,96.93,221.98,565.0,167.4,179.0
2022-04-20 00:00:00,94.02,214.82,570.0,167.23,177.0
2022-04-21 00:00:00,89.85,201.83,565.0,166.42,176.5
2022-04-22 00:00:00,88.14,195.15,558.0,161.79,174.5
2022-04-25 00:00:00,90.69,199.02,547.0,162.88,162.0
2022-04-26 00:00:00,85.16,187.88,546.0,156.8,160.0
2022-04-27 00:00:00,84.91,184.15,526.0,156.57,163.0
2022-04-28 00:00:00,89.64,197.82,531.0,163.64,163.0
2022-04-29 00:00:00,85.52,185.47,538.0,157.65,167.0
2022-05-02 00:00:00,89.84,195.33,,157.96,
2022-05-03 00:00:00,91.13,196.02,531.0,159.48,166.5
2022-05-04 00:00:00,99.42,203.34,534.0,166.02,165.5
2022-05-05 00:00:00,93.87,188.44,542.0,156.77,170.5
2022-05-06 00:00:00,95.34,186.75,528.0,157.28,164.0
2022-05-09 00:00:00,86.36,169.5,520.0,152.06,161.5
2022-05-10 00:00:00,88.73,175.95,518.0,154.51,161.0
2022-05-11 00:00:00,87.92,166.3,521.0,146.5,163.5
2022-05-12 00:00:00,87.06,161.75,505.0,142.56,154.0
2022-05-13 00:00:00,95.12,177.06,511.0,147.11,152.0
2022-05-16 00:00:00,94.24,172.64,520.0,145.54,157.0
2022-05-17 00:00:00,102.47,181.77,530.0,149.24,168.5
2022-05-18 00:00:00,96.28,169.38,538.0,140.82,176.5
2022-05-19 00:00:00,96.67,171.24,522.0,137.35,185.0
2022-05-20 00:00:00,93.5,166.94,530.0,137.59,189.5
2022-05-23 00:00:00,95.07,168.98,528.0,143.11,183.5
2022-05-24 00:00:00,91.16,161.54,520.0,140.36,175.0
2022-05-25 00:00:00,92.65,169.75,524.0,140.52,180.0
2022-05-26 00:00:00,98.75,178.51,514.0,143.78,178.0
2022-05-27 00:00:00,102.26,188.11,530.0,149.64,176.0
2022-05-31 00:00:00,101.86,186.72,560.0,148.84,184.5
2022-06-01 00:00:00,101.22,183.2,549.0,148.71,190.0
2022-06-02 00:00:00,108.59,195.92,540.0,151.21,187.5
2022-06-03 00:00:00,106.3,187.2,,145.38,
2022-06-06 00:00:00,105.65,187.86,540.0,146.14,185.0
2022-06-07 00:00:00,105.28,189.26,535.0,148.71,187.5
2022-06-08 00:00:00,101.9,186.48,544.0,147.96,185.0
2022-06-09 00:00:00,98.8,180.48,541.0,142.64,179.5
2022-06-10 00:00:00,94.82,169.74,530.0,137.13,179.5
2022-06-13 00:00:00,86.99,156.47,516.0,131.88,178.0
2022-06-14 00:00:00,86.99,158.36,513.0,132.76,194.5
2022-06-15 00:00:00,89.3,165.27,509.0,135.43,184.5
2022-06-16 00:00:00,82.05,156.01,508.0,130.06,169.0
2022-06-17 00:00:00,81.57,158.8,501.0,131.56,177.5
2022-06-21 00:00:00,83.79,165.66,505.0,135.87,181.0
2022-06-22 00:00:00,83.75,163.6,494.5,135.35,175.5
2022-06-23 00:00:00,82.43,162.25,485.5,138.27,178.0
2022-06-24 00:00:00,87.08,171.26,486.5,141.66,170.0
2022-06-27 00:00:00,86.16,168.69,498.5,141.66,174.5
2022-06-28 00:00:00,80.78,159.82,497.5,137.44,169.0
2022-06-29 00:00:00,77.99,155.42,491.0,139.23,168.5
2022-06-30 00:00:00,76.47,151.59,476.0,136.72,159.0
2022-07-01 00:00:00,73.67,145.23,453.5,138.93,150.5
2022-07-05 00:00:00,75.2,149.64,446.0,141.56,152.5
2022-07-06 00:00:00,75.35,151.3,435.5,142.92,137.5
2022-07-07 00:00:00,79.3,158.58,457.5,146.35,150.0
2022-07-08 00:00:00,79.35,158.38,467.0,147.04,157.0
2022-07-11 00:00:00,76.95,151.52,462.0,144.87,158.0
2022-07-12 00:00:00,76.36,150.82,449.5,145.86,152.5
2022-07-13 00:00:00,77.52,151.64,470.5,145.49,155.5
2022-07-14 00:00:00,78.6,153.72,475.0,148.47,168.0
2022-07-15 00:00:00,81.11,157.62,492.5,150.17,168.0
2022-07-18 00:00:00,81.43,161.01,495.5,147.07,171.5
2022-07-19 00:00:00,85.88,169.92,491.0,151.0,170.5
2022-07-20 00:00:00,89.43,178.07,495.0,153.04,170.5
2022-07-21 00:00:00,91.09,180.5,501.0,155.35,177.0
2022-07-22 00:00:00,88.1,173.19,503.0,154.09,174.0
2022-07-25 00:00:00,87.54,170.24,499.5,152.95,176.0
2022-07-26 00:00:00,85.25,165.33,495.0,151.6,172.0
2022-07-27 00:00:00,89.82,177.9,502.0,156.79,177.5
2022-07-28 00:00:00,91.67,179.84,501.0,157.35,172.0
2022-07-29 00:00:00,94.47,181.63,509.0,162.51,176.5
2022-08-01 00:00:00,96.78,184.41,504.0,161.51,175.0
2022-08-02 00:00:00,99.29,185.26,492.0,160.01,170.5
2022-08-03 00:00:00,98.09,188.93,501.0,166.13,165.0
2022-08-04 00:00:00,103.91,192.15,500.0,165.81,154.0
2022-08-05 00:00:00,102.31,189.89,516.0,165.35,164.0
2022-08-08 00:00:00,100.07,177.93,512.0,164.87,169.0
2022-08-09 00:00:00,95.54,170.86,510.0,164.92,167.0
2022-08-10 00:00:00,99.05,180.97,500.0,169.24,159.0
2022-08-11 00:00:00,98.12,179.42,514.0,168.49,154.0
2022-08-12 00:00:00,100.83,187.09,517.0,172.1,155.0
2022-08-15 00:00:00,101.01,190.32,523.0,173.19,157.0
2022-08-16 00:00:00,100.2,188.79,525.0,173.03,157.0
2022-08-17 00:00:00,98.27,183.35,527.0,174.55,155.0
2022-08-18 00:00:00,100.44,187.73,520.0,174.15,158.5
2022-08-19 00:00:00,95.95,178.49,519.0,171.52,159.0
2022-08-22 00:00:00,92.84,170.34,510.0,167.57,159.0
2022-08-23 00:00:00,92.49,171.81,504.0,167.23,154.0
2022-08-24 00:00:00,92.73,172.22,503.0,167.53,155.0
2022-08-25 00:00:00,97.18,179.13,508.0,170.03,156.5
2022-08-26 00:00:00,91.18,162.6,512.0,163.62,157.0
2022-08-29 00:00:00,88.49,158.01,498.5,161.38,151.5
2022-08-30 00:00:00,86.94,154.68,496.0,158.91,153.5
2022-08-31 00:00:00,84.87,150.94,505.0,157.22,155.0
2022-09-01 00:00:00,82.33,139.37,490.5,157.96,150.5
2022-09-02 00:00:00,80.24,136.47,485.0,155.81,157.0
2022-09-06 00:00:00,78.72,134.65,489.0,154.53,150.5
2022-09-07 00:00:00,79.61,137.14,472.5,155.96,150.5
2022-09-08 00:00:00,82.78,139.9,475.0,154.46,150.5
2022-09-09 00:00:00,85.45,143.87,,157.37,
2022-09-12 00:00:00,84.64,145.05,486.5,163.43,158.5
2022-09-13 00:00:00,77.03,131.31,493.0,153.84,160.0
2022-09-14 00:00:00,77.45,131.28,480.0,155.31,163.5
2022-09-15 00:00:00,76.66,129.29,476.5,152.37,165.0
2022-09-16 00:00:00,76.51,131.98,472.0,150.7,157.5
2022-09-19 00:00:00,76.77,133.82,467.0,154.48,159.5
2022-09-20 00:00:00,75.25,131.76,476.5,156.9,165.0
2022-09-21 00:00:00,74.48,132.61,471.0,153.72,161.5
2022-09-22 00:00:00,69.5,125.61,464.5,152.74,163.5
2022-09-23 00:00:00,67.96,125.16,455.0,150.43,157.5
2022-09-26 00:00:00,66.3,122.28,446.5,150.77,147.0
2022-09-27 00:00:00,67.17,124.13,448.0,151.76,147.0
2022-09-28 00:00:00,68.36,127.36,438.0,149.84,135.5
2022-09-29 00:00:00,64.14,122.2,435.0,142.48,137.0
2022-09-30 00:00:00,63.36,121.39,422.0,138.2,142.0
2022-10-03 00:00:00,66.11,125.12,417.0,142.45,139.5
2022-10-04 00:00:00,67.9,131.67,429.0,146.1,142.5
2022-10-05 00:00:00,67.94,132.09,445.0,146.4,144.0
2022-10-06 00:00:00,67.85,131.3,451.0,145.43,137.0
2022-10-07 00:00:00,58.44,120.76,438.0,140.09,133.5
2022-10-10 00:00:00,57.81,116.7,,140.42,
2022-10-11 00:00:00,57.63,115.86,401.5,138.98,120.5
2022-10-12 00:00:00,57.85,115.0,397.5,138.34,122.0
2022-10-13 00:00:00,58.94,119.6,395.0,142.99,117.0
2022-10-14 00:00:00,55.94,112.27,412.0,138.38,120.0
2022-10-17 00:00:00,57.96,118.88,397.0,142.41,118.0
2022-10-18 00:00:00,57.92,119.67,407.0,143.75,122.0
2022-10-19 00:00:00,57.23,120.51,395.5,143.86,122.0
2022-10-20 00:00:00,57.77,121.94,397.5,143.39,119.5
2022-10-21 00:00:00,58.82,124.66,389.5,147.27,117.5
2022-10-24 00:00:00,58.7,125.99,387.0,149.45,119.0
2022-10-25 00:00:00,61.47,132.61,371.0,152.34,120.0
2022-10-26 00:00:00,59.73,128.96,376.0,149.35,118.0
2022-10-27 00:00:00,58.6,131.76,385.5,144.8,122.0
2022-10-28 00:00:00,62.01,138.34,379.5,155.74,117.0
2022-10-31 00:00:00,60.06,134.97,390.0,153.34,120.0
2022-11-01 00:00:00,59.66,135.43,391.5,150.65,124.0
2022-11-02 00:00:00,58.63,132.19,395.0,145.03,126.0
2022-11-03 00:00:00,60.11,134.21,384.0,138.88,127.0
2022-11-04 00:00:00,62.19,141.56,382.0,138.38,127.0
2022-11-07 00:00:00,63.08,143.01,390.0,138.92,131.0
2022-11-08 00:00:00,63.85,146.02,399.0,139.5,130.5
2022-11-09 00:00:00,59.92,137.76,417.0,134.87,135.0
2022-11-10 00:00:00,68.47,157.5,407.5,146.87,136.5
2022-11-11 00:00:00,72.37,163.27,441.5,149.7,139.0
2022-11-14 00:00:00,73.53,162.95,445.0,148.28,136.5
2022-11-15 00:00:00,76.37,166.66,480.0,150.04,141.5
2022-11-16 00:00:00,72.7,159.1,487.0,148.79,140.5
2022-11-17 00:00:00,73.9,156.77,485.0,150.72,143.5
2022-11-18 00:00:00,73.57,154.09,487.0,151.29,147.0
2022-11-21 00:00:00,72.46,153.17,482.0,148.01,152.0
2022-11-22 00:00:00,75.25,160.38,491.0,150.18,152.5
2022-11-23 00:00:00,76.4,165.19,492.0,151.07,152.0
2022-11-25 00:00:00,75.14,162.7,498.0,148.11,152.5
2022-11-28 00:00:00,73.19,158.27,480.5,144.22,150.5
2022-11-29 00:00:00,73.39,156.39,487.0,141.17,150.0
2022-11-30 00:00:00,77.63,169.23,490.0,148.03,155.5
2022-12-01 00:00:00,77.48,171.35,498.5,148.31,158.0
2022-12-02 00:00:00,74.98,168.76,492.5,147.81,156.5
2022-12-05 00:00:00,73.62,166.1,489.0,146.63,159.0
2022-12-06 00:00:00,70.27,159.87,478.0,142.91,157.5
2022-12-07 00:00:00,70.14,161.2,475.0,140.94,152.5
2022-12-08 00:00:00,70.47,171.69,471.5,142.65,157.0
2022-12-09 00:00:00,68.59,170.01,481.5,142.16,158.5
2022-12-12 00:00:00,70.67,175.35,475.0,144.49,154.0
2022-12-13 00:00:00,71.65,180.72,471.5,145.47,156.5
2022-12-14 00:00:00,68.93,176.74,480.5,143.21,163.5
2022-12-15 00:00:00,66.53,169.52,480.5,136.5,167.0
2022-12-16 00:00:00,65.41,165.71,471.0,134.51,158.5
2022-12-19 00:00:00,64.59,162.54,466.5,132.37,155.5
2022-12-20 00:00:00,65.05,160.85,457.5,132.3,147.5
2022-12-21 00:00:00,67.68,165.01,459.0,135.45,147.0
2022-12-22 00:00:00,63.86,153.39,468.0,132.23,152.0
2022-12-23 00:00:00,64.52,152.06,455.0,131.86,151.0
2022-12-27 00:00:00,63.27,141.21,457.0,130.03,149.5
2022-12-28 00:00:00,62.57,140.36,451.0,126.04,145.0
2022-12-29 00:00:00,64.82,146.03,446.0,129.61,147.5
2022-12-30 00:00:00,64.77,146.14,448.5,129.93,148.0
2023-01-03 00:00:00,64.02,143.15,453.0,125.07,152.0
2023-01-04 00:00:00,64.66,147.49,449.5,126.36,150.0
2023-01-05 00:00:00,62.33,142.65,458.5,125.02,150.5
2023-01-06 00:00:00,63.96,148.59,458.5,129.62,149.5
2023-01-09 00:00:00,67.24,156.28,481.0,130.15,153.5
2023-01-10 00:00:00,68.05,159.09,486.0,130.73,153.5
2023-01-11 00:00:00,69.06,160.01,484.5,133.49,153.5
2023-01-12 00:00:00,70.8,165.11,486.5,133.41,150.5
2023-01-13 00:00:00,71.0,168.99,500.0,134.76,147.5
2023-01-17 00:00:00,71.59,177.02,503.0,135.94,149.5
2023-01-18 00:00:00,70.53,173.77,,135.21,
2023-01-19 00:00:00,67.71,167.65,,135.27,
2023-01-20 00:00:00,70.07,178.39,,137.87,
2023-01-23 00:00:00,76.53,191.93,,141.11,
2023-01-24 00:00:00,74.7,192.65,,142.53,
2023-01-25 00:00:00,74.91,193.23,,141.86,
2023-01-26 00:00:00,75.16,198.02,,143.96,
2023-01-27 00:00:00,75.4,203.65,,145.93,
2023-01-30 00:00:00,72.45,191.62,543.0,143.0,151.0
2023-01-31 00:00:00,75.15,195.37,522.0,144.29,155.0
2023-02-01 00:00:00,84.64,209.43,530.0,145.43,158.0
2023-02-02 00:00:00,88.31,217.09,540.0,150.82,160.5
2023-02-03 00:00:00,86.09,211.0,542.0,154.5,159.0
2023-02-06 00:00:00,83.68,210.89,526.0,151.73,163.0
2023-02-07 00:00:00,85.91,221.73,523.0,154.65,165.0
2023-02-08 00:00:00,84.69,222.05,540.0,151.92,163.5
2023-02-09 00:00:00,83.21,223.37,540.0,150.87,161.0
2023-02-10 00:00:00,81.48,212.65,545.0,151.01,157.5
2023-02-13 00:00:00,83.13,217.88,541.0,153.85,158.0
2023-02-14 00:00:00,85.95,229.71,545.0,153.2,169.5
2023-02-15 00:00:00,85.18,227.64,525.0,155.33,168.0
2023-02-16 00:00:00,80.08,220.02,528.0,153.71,170.5
2023-02-17 00:00:00,78.5,213.88,518.0,152.55,170.5
2023-02-21 00:00:00,76.77,206.55,516.0,148.48,165.0
2023-02-22 00:00:00,76.61,207.54,507.0,148.91,159.0
2023-02-23 00:00:00,79.75,236.64,518.0,149.4,159.0
2023-02-24 00:00:00,78.09,232.86,511.0,146.71,161.0
2023-02-27 00:00:00,78.77,235.01,,147.92,
2023-02-28 00:00:00,78.58,232.16,,147.41,
2023-03-01 00:00:00,78.29,226.98,522.0,145.31,162.0
2023-03-02 00:00:00,80.44,233.14,519.0,145.91,160.0
2023-03-03 00:00:00,81.52,238.9,516.0,151.03,162.0
2023-03-06 00:00:00,81.16,235.54,521.0,153.83,165.5
2023-03-07 00:00:00,82.11,232.88,524.0,151.6,166.5
2023-03-08 00:00:00,85.37,241.81,521.0,152.87,167.5
2023-03-09 00:00:00,84.03,234.36,522.0,150.59,163.5
2023-03-10 00:00:00,82.67,229.65,513.0,148.5,159.5
2023-03-13 00:00:00,82.01,229.66,516.0,150.47,159.0
2023-03-14 00:00:00,87.45,240.63,510.0,152.59,159.0
2023-03-15 00:00:00,89.68,242.28,511.0,152.99,158.0
2023-03-16 00:00:00,96.6,255.41,505.0,155.85,156.0
2023-03-17 00:00:00,97.84,257.25,518.0,155.0,160.5
2023-03-20 00:00:00,96.81,259.0,512.0,157.4,168.5
2023-03-21 00:00:00,95.93,261.99,517.0,159.28,178.5
2023-03-22 00:00:00,97.58,264.68,533.0,157.83,192.0
2023-03-23 00:00:00,100.28,271.91,538.0,158.93,192.0
2023-03-24 00:00:00,97.95,267.79,539.0,160.25,194.5
2023-03-27 00:00:00,96.61,265.31,531.0,158.28,213.5
2023-03-28 00:00:00,94.56,264.1,525.0,157.65,209.0
2023-03-29 00:00:00,96.09,269.84,530.0,160.77,216.0
2023-03-30 00:00:00,97.88,273.83,535.0,162.36,222.0
2023-03-31 00:00:00,98.01,277.77,533.0,164.9,220.5
2023-04-03 00:00:00,96.56,279.65,,166.17,
2023-04-04 00:00:00,95.87,274.53,,165.63,
2023-04-05 00:00:00,92.56,268.81,,163.76,
2023-04-06 00:00:00,92.47,270.37,530.0,164.66,226.0
2023-04-10 00:00:00,95.48,275.79,529.0,162.03,245.0
2023-04-11 00:00:00,94.03,271.69,524.0,160.8,250.0
2023-04-12 00:00:00,92.33,264.95,520.0,160.1,254.5
2023-04-13 00:00:00,92.09,264.63,510.0,165.56,249.0
2023-04-14 00:00:00,91.75,267.58,516.0,165.21,247.5
2023-04-17 00:00:00,89.87,270.02,520.0,165.23,251.0
2023-04-18 00:00:00,89.78,276.67,515.0,166.47,249.0
2023-04-19 00:00:00,89.94,279.31,510.0,167.63,243.0
2023-04-20 00:00:00,90.11,271.04,513.0,166.65,239.0
2023-04-21 00:00:00,88.43,271.19,511.0,165.02,231.5
2023-04-24 00:00:00,87.57,270.42,507.0,165.33,237.0
2023-04-25 00:00:00,83.8,262.41,498.0,163.77,226.5
2023-04-26 00:00:00,85.94,269.56,491.5,163.76,229.0
2023-04-27 00:00:00,87.44,272.26,493.5,168.41,249.0
2023-04-28 00:00:00,89.37,277.49,502.0,169.68,248.0
2023-05-01 00:00:00,89.69,289.1,,169.59,
2023-05-02 00:00:00,89.91,282.1,501.0,168.54,249.0
2023-05-03 00:00:00,81.62,278.02,496.0,167.45,233.5
2023-05-04 00:00:00,86.61,275.62,498.0,165.79,235.5
2023-05-05 00:00:00,89.84,286.8,500.0,173.57,240.5
2023-05-08 00:00:00,95.04,291.51,504.0,173.5,250.0
2023-05-09 00:00:00,95.06,285.71,510.0,171.77,255.5
2023-05-10 00:00:00,97.02,288.85,503.0,173.555,251.0
2023-05-11 00:00:00,97.1,285.78,499.0,173.75,247.0
2023-05-12 00:00:00,95.26,283.4,496.0,172.57,248.5
2023-05-15 00:00:00,97.4,289.53,495.5,172.07,231.5
2023-05-16 00:00:00,101.48,292.13,505.0,172.07,238.0
2023-05-17 00:00:00,103.75,301.78,519.0,172.69,248.5
2023-05-18 00:00:00,107.93,316.78,530.0,175.05,258.0
2023-05-19 00:00:00,105.82,312.64,532.0,175.16,262.5
2023-05-22 00:00:00,108.0,311.76,531.0,174.2,252.5
2023-05-23 00:00:00,108.12,306.88,530.0,171.56,249.0
2023-05-24 00:00:00,108.27,305.38,525.0,171.84,252.0
2023-05-25 00:00:00,120.35,379.8,543.0,172.99,274.0
2023-05-26 00:00:00,127.03,389.46,566.0,175.43,279.0
2023-05-30 00:00:00,125.27,401.11,566.0,177.3,271.5
2023-05-31 00:00:00,118.21,378.34,558.0,177.25,270.0
2023-06-01 00:00:00,119.47,397.7,551.0,180.09,269.0
2023-06-02 00:00:00,117.86,393.27,562.0,180.95,285.5
2023-06-05 00:00:00,117.93,391.71,555.0,179.58,280.0
2023-06-06 00:00:00,124.23,386.54,560.0,179.21,285.0
2023-06-07 00:00:00,117.83,374.75,568.0,177.82,295.0
2023-06-08 00:00:00,121.05,385.1,559.0,180.57,286.0
2023-06-09 00:00:00,124.92,387.7,565.0,180.96,298.5
2023-06-12 00:00:00,129.19,394.82,574.0,183.79,291.0
2023-06-13 00:00:00,124.53,410.22,593.0,183.31,295.0
2023-06-14 00:00:00,127.33,429.97,590.0,183.95,291.0
2023-06-15 00:00:00,124.24,426.53,591.0,186.01,300.5
2023-06-16 00:00:00,120.08,426.92,589.0,184.92,291.5
2023-06-20 00:00:00,118.93,438.08,583.0,185.01,294.5
2023-06-21 00:00:00,112.11,430.45,581.0,183.96,292.5
2023-06-22 00:00:00,110.7,430.25,,187.0,
2023-06-23 00:00:00,110.01,422.09,,186.68,
2023-06-26 00:00:00,107.51,406.32,574.0,185.27,296.0
2023-06-27 00:00:00,110.39,418.76,572.0,188.06,276.5
2023-06-28 00:00:00,110.17,411.17,574.0,189.25,275.0
2023-06-29 00:00:00,111.24,408.22,573.0,189.59,281.0
2023-06-30 00:00:00,113.91,423.02,576.0,193.97,297.0
2023-07-03 00:00:00,115.82,424.13,579.0,192.46,319.5
2023-07-05 00:00:00,113.95,423.17,582.0,191.33,314.5
2023-07-06 00:00:00,113.48,421.03,565.0,191.81,296.5
2023-07-07 00:00:00,113.17,425.03,565.0,190.68,282.0
2023-07-10 00:00:00,113.58,421.8,565.0,188.61,278.5
2023-07-11 00:00:00,111.32,424.05,577.0,188.08,278.5
2023-07-12 00:00:00,114.58,439.02,578.0,189.77,296.5
2023-07-13 00:00:00,115.92,459.77,585.0,190.54,297.0
2023-07-14 00:00:00,115.94,454.69,591.0,190.69,300.0
2023-07-17 00:00:00,118.32,464.61,591.0,193.99,295.5
2023-07-18 00:00:00,117.93,474.94,581.0,193.73,293.0
2023-07-19 00:00:00,116.43,470.77,581.0,195.1,283.5
2023-07-20 00:00:00,110.25,455.2,579.0,193.13,288.0
2023-07-21 00:00:00,110.95,443.09,560.0,191.94,307.5
2023-07-24 00:00:00,110.61,446.12,558.0,192.75,338.0
2023-07-25 00:00:00,113.0,456.79,569.0,193.62,305.0
2023-07-26 00:00:00,110.09,454.52,566.0,194.5,307.0
2023-07-27 00:00:00,111.1,459.0,569.0,193.22,304.0
2023-07-28 00:00:00,112.96,467.5,567.0,195.83,312.5
2023-07-31 00:00:00,114.4,467.29,565.0,196.45,288.5
2023-08-01 00:00:00,117.6,465.07,567.0,195.605,280.0
2023-08-02 00:00:00,109.35,442.69,561.0,192.58,257.5
2023-08-03 00:00:00,113.15,445.15,,191.17,
2023-08-04 00:00:00,115.82,446.8,554.0,181.99,272.0
2023-08-07 00:00:00,116.81,454.165,558.0,178.85,299.0
2023-08-08 00:00:00,113.23,446.64,552.0,179.8,311.5
2023-08-09 00:00:00,110.47,425.54,554.0,178.19,298.0
2023-08-10 00:00:00,110.23,423.88,551.0,177.97,273.0
2023-08-11 00:00:00,107.57,408.55,546.0,177.79,277.5
2023-08-14 00:00:00,111.98,437.53,541.0,179.46,275.0
2023-08-15 00:00:00,111.35,439.4,542.0,177.45,284.0
2023-08-16 00:00:00,107.19,434.86,542.0,176.57,294.0
2023-08-17 00:00:00,104.44,433.435,544.0,174.0,312.5
2023-08-18 00:00:00,105.45,432.99,539.0,174.49,302.0
2023-08-21 00:00:00,108.22,469.67,537.0,175.84,307.0
2023-08-22 00:00:00,105.66,456.68,541.0,177.23,309.0
2023-08-23 00:00:00,109.43,471.16,552.0,181.12,305.0
2023-08-24 00:00:00,101.8,471.63,564.0,176.38,308.5
2023-08-25 00:00:00,102.25,460.18,546.0,178.61,294.5
2023-08-28 00:00:00,102.61,468.35,549.0,180.19,286.5
2023-08-29 00:00:00,105.92,487.84,552.0,184.12,285.0
2023-08-30 00:00:00,106.59,492.64,555.0,187.65,283.5
2023-08-31 00:00:00,105.72,493.55,549.0,187.87,286.0
2023-09-01 00:00:00,109.45,485.09,548.0,189.46,287.0
2023-09-05 00:00:00,110.78,485.48,552.0,189.7,320.0
2023-09-06 00:00:00,109.28,470.61,550.0,182.91,336.0
2023-09-07 00:00:00,106.59,462.41,542.0,177.56,340.0
2023-09-08 00:00:00,106.09,455.72,539.0,178.18,326.5
2023-09-11 00:00:00,105.32,451.78,536.0,179.36,314.0
2023-09-12 00:00:00,105.31,448.7,544.0,176.3,309.5
2023-09-13 00:00:00,107.71,454.85,541.0,174.21,317.5
2023-09-14 00:00:00,106.63,455.81,550.0,175.74,343.0
2023-09-15 00:00:00,101.49,439.0,558.0,175.01,344.0
2023-09-18 00:00:00,102.37,439.66,540.0,177.97,311.0
2023-09-19 00:00:00,101.61,435.2,538.0,179.07,309.0
2023-09-20 00:00:00,100.34,422.39,535.0,175.49,302.5
2023-09-21 00:00:00,96.11,410.17,527.0,173.93,308.5
2023-09-22 00:00:00,96.2,416.1,522.0,174.79,310.0
2023-09-25 00:00:00,97.38,422.22,525.0,176.08,312.5
2023-09-26 00:00:00,95.96,419.11,519.0,171.96,315.5
2023-09-27 00:00:00,98.07,424.68,522.0,170.43,318.0
2023-09-28 00:00:00,102.76,430.89,523.0,170.69,319.0
2023-09-29 00:00:00,102.82,434.99,,171.21,
2023-10-02 00:00:00,103.27,447.82,533.0,173.75,330.0
2023-10-03 00:00:00,100.08,435.17,529.0,172.4,322.5
2023-10-04 00:00:00,104.07,440.41,520.0,173.66,321.0
2023-10-05 00:00:00,102.91,446.88,528.0,174.91,331.0
2023-10-06 00:00:00,107.24,457.62,532.0,177.49,326.0
2023-10-09 00:00:00,106.97,452.73,,178.99,
2023-10-10 00:00:00,109.01,457.98,,178.39,
2023-10-11 00:00:00,108.31,468.06,544.0,179.8,318.0
2023-10-12 00:00:00,108.79,469.45,550.0,180.71,330.0
2023-10-13 00:00:00,105.09,454.61,553.0,178.85,317.5
2023-10-16 00:00:00,106.46,460.95,545.0,178.72,320.5
2023-10-17 00:00:00,105.14,439.38,551.0,177.15,310.5
2023-10-18 00:00:00,102.17,421.96,540.0,175.84,298.5
2023-10-19 00:00:00,102.4,421.01,546.0,175.46,308.5
2023-10-20 00:00:00,101.81,413.87,556.0,172.88,310.0
2023-10-23 00:00:00,100.01,429.75,544.0,173.0,300.5
2023-10-24 00:00:00,101.67,436.63,544.0,173.44,312.0
2023-10-25 00:00:00,96.055,417.79,544.0,171.1,314.0
2023-10-26 00:00:00,93.67,403.26,531.0,166.89,309.0
2023-10-27 00:00:00,96.43,405.0,533.0,168.22,297.0
2023-10-30 00:00:00,96.18,411.61,532.0,170.29,297.5
2023-10-31 00:00:00,98.5,407.8,529.0,170.77,284.5
2023-11-01 00:00:00,108.04,423.25,528.0,173.97,283.5
2023-11-02 00:00:00,107.83,435.06,547.0,177.57,297.5
2023-11-03 00:00:00,112.25,450.05,549.0,176.65,297.0
2023-11-06 00:00:00,111.75,457.51,550.0,179.23,313.0
2023-11-07 00:00:00,113.45,459.55,555.0,181.82,316.5
2023-11-08 00:00:00,113.59,465.74,556.0,182.89,330.0
2023-11-09 00:00:00,113.49,469.5,557.0,182.41,334.0
2023-11-10 00:00:00,118.59,483.35,557.0,186.4,330.0
2023-11-13 00:00:00,116.79,486.2,571.0,184.8,331.0
2023-11-14 00:00:00,119.88,496.56,572.0,187.44,336.0
2023-11-15 00:00:00,118.0,488.88,581.0,188.01,333.0
2023-11-16 00:00:00,119.83,494.8,583.0,189.71,347.5
2023-11-17 00:00:00,120.62,492.98,580.0,189.69,350.0
2023-11-20 00:00:00,121.53,504.09,577.0,191.45,376.0
2023-11-21 00:00:00,119.16,499.44,585.0,190.64,386.5
2023-11-22 00:00:00,122.51,487.16,577.0,191.31,379.5
2023-11-24 00:00:00,122.31,477.76,575.0,189.97,370.5
2023-11-27 00:00:00,122.65,482.42,568.0,189.79,350.0
2023-11-28 00:00:00,122.01,478.21,575.0,190.4,362.0
2023-11-29 00:00:00,123.85,481.4,574.0,189.37,363.0
2023-11-30 00:00:00,121.16,467.7,577.0,189.95,366.0
2023-12-01 00:00:00,121.39,467.65,579.0,191.24,356.5
2023-12-04 00:00:00,118.57,455.1,574.0,189.43,346.0
2023-12-05 00:00:00,118.38,465.66,570.0,193.42,340.5
2023-12-06 00:00:00,116.82,455.03,570.0,,349.0
2023-12-07 00:00:00,128.37,465.96,566.0,,346.0
2023-12-08 00:00:00,128.92,475.06,570.0,,341.0
2023-12-11 00:00:00,134.41,466.27,574.0,,343.0
2023-12-12 00:00:00,137.61,476.57,578.0,,343.0
2023-12-13 00:00:00,138.19,480.88,577.0,,339.0
2023-12-14 00:00:00,138.0,483.5,582.0,,339.0
2023-12-15 00:00:00,139.15,488.9,585.0,,332.5
2023-12-18 00:00:00,138.9,500.77,585.0,,342.5
2023-12-19 00:00:00,140.15,496.04,585.0,,335.5
2023-12-20 00:00:00,135.47,481.11,585.0,,342.5
2023-12-21 00:00:00,139.91,489.9,577.0,,343.0
2023-12-22 00:00:00,139.6,488.3,582.0,,339.0
2023-12-26 00:00:00,143.41,492.79,586.0,,343.5
2023-12-27 00:00:00,146.07,494.17,592.0,,350.5
2023-12-28 00:00:00,148.76,495.22,593.0,,347.0
2023-12-29 00:00:00,147.41,495.22,593.0,,352.5
2024-01-02 00:00:00,138.58,481.68,593.0,,344.5
2024-01-03 00:00:00,135.32,475.69,578.0,,337.5
2024-01-04 00:00:00,136.01,479.98,580.0,,332.0
2024-01-05 00:00:00,138.58,490.97,576.0,,323.0
2024-01-08 00:00:00,146.18,522.53,583.0,,324.5
2024-01-09 00:00:00,149.26,531.4,586.0,,318.5
2024-01-10 00:00:00,148.54,543.5,584.0,,321.5
2024-01-11 00:00:00,148.02,548.22,586.0,,331.5
2024-01-12 00:00:00,146.56,547.1,584.0,,333.0
2024-01-16 00:00:00,158.74,563.82,580.0,,
2024-01-17 00:00:00,160.17,560.53,581.0,,
2024-01-18 00:00:00,162.67,571.07,588.0,,
2024-01-19 00:00:00,174.23,594.91,626.0,,
2024-01-22 00:00:00,168.18,596.54,626.0,,
2024-01-23 00:00:00,168.42,598.73,628.0,,
2024-01-24 00:00:00,178.29,613.62,627.0,,
2024-01-25 00:00:00,180.33,616.17,642.0,,
2024-01-26 00:00:00,177.25,610.31,644.0,,
2024-01-29 00:00:00,177.83,,648.0,,
2024-01-30 00:00:00,172.06,,642.0,,
2024-01-31 00:00:00,167.69,,628.0,,
2024-02-01 00:00:00,170.48,,628.0,,
2024-02-02 00:00:00,177.66,,635.0,,
2024-02-05 00:00:00,174.23,,646.0,,
2024-02-06 00:00:00,167.88,,,,
2024-02-07 00:00:00,170.94,,,,
2024-02-08 00:00:00,169.35,,,,
2024-02-09 00:00:00,172.48,,,,
2024-02-12 00:00:00,171.91,,,,
2024-02-13 00:00:00,171.54,,,,
2024-02-14 00:00:00,178.7,,,,
2024-02-15 00:00:00,176.76,,697.0,,
2024-02-16 00:00:00,173.87,,683.0,,
2024-02-20 00:00:00,165.69,,687.0,,
2024-02-21 00:00:00,164.29,,681.0,,
2024-02-22 00:00:00,181.86,,692.0,,
2024-02-23 00:00:00,176.52,,697.0,,
2024-02-26 00:00:00,176.01,,698.0,,
2024-02-27 00:00:00,178.0,,698.0,,
2024-02-28 00:00:00,176.54,,,,
2024-02-29 00:00:00,192.53,,690.0,,
2024-03-01 00:00:00,202.64,,689.0,,
2024-03-04 00:00:00,205.36,,725.0,,
2024-03-05 00:00:00,205.13,,730.0,,
2024-03-06 00:00:00,210.63,,735.0,,
2024-03-07 00:00:00,211.38,,760.0,,
2024-03-08 00:00:00,207.39,,784.0,,
2024-03-11 00:00:00,198.39,,766.0,,
2024-03-12 00:00:00,202.76,,770.0,,
2024-03-13 00:00:00,194.79,,779.0,,
2024-03-14 00:00:00,187.06,,784.0,,
2024-03-15 00:00:00,191.06,,753.0,,
2024-03-18 00:00:00,190.65,,764.0,,
2024-03-19 00:00:00,181.42,,762.0,,
2024-03-20 00:00:00,179.73,,758.0,,
2024-03-21 00:00:00,178.68,,784.0,,
2024-03-22 00:00:00,179.65,,,,
2024-03-25 00:00:00,178.63,,,,
2024-03-26 00:00:00,177.87,,,,
2024-03-27 00:00:00,179.59,,,,
2024-03-28 00:00:00,180.49,,,,
2024-04-01 00:00:00,183.34,,,,
2024-04-02 00:00:00,178.7,,,,
2024-04-03 00:00:00,180.77,,,,
2024-04-04 00:00:00,165.83,,,,
2024-04-05 00:00:00,170.42,,,,
2024-04-08 00:00:00,169.9,,,,
2024-04-09 00:00:00,170.78,,,,
2024-04-10 00:00:00,167.14,,,,
2024-04-11 00:00:00,170.5,,,,
2024-04-12 00:00:00,163.28,,,,
2024-04-15 00:00:00,160.32,,,,
2024-04-16 00:00:00,163.46,,,,
2024-04-17 00:00:00,154.02,,,,
2024-04-18 00:00:00,155.08,,,,
2024-04-19 00:00:00,146.64,,,,
2024-04-22 00:00:00,148.64,,,,
2024-04-23 00:00:00,152.27,,,,
2024-04-24 00:00:00,151.74,,,,
2024-04-25 00:00:00,153.76,,,,
2024-04-26 00:00:00,157.4,,,,
2024-04-29 00:00:00,160.2,,,,
2024-04-30 00:00:00,158.38,,,,
2024-05-01 00:00:00,144.27,,,,
2024-05-02 00:00:00,146.16,,,,
2024-05-03 00:00:00,150.6,,,,
2024-05-06 00:00:00,155.78,,,,
2024-05-07 00:00:00,154.43,,,,
2024-05-08 00:00:00,153.62,,,,
2024-05-09 00:00:00,152.39,,,,
2024-05-10 00:00:00,151.92,,,,
2020-01-20 00:00:00,,,333.0,,186.0
2020-02-17 00:00:00,,,331.5,,167.0
2020-04-10 00:00:00,,,279.5,,144.5
2020-05-25 00:00:00,,,292.0,,160.0
2020-07-03 00:00:00,,,329.5,,180.0
2020-09-07 00:00:00,,,426.0,,219.5
2020-11-26 00:00:00,,,489.0,,233.5
2020-12-25 00:00:00,,,511.0,,215.5
2021-01-18 00:00:00,,,607.0,,245.0
2021-05-31 00:00:00,,,597.0,,177.0
2021-07-05 00:00:00,,,591.0,,187.0
2021-09-06 00:00:00,,,631.0,,181.5
2021-11-25 00:00:00,,,603.0,,187.0
2021-12-24 00:00:00,,,604.0,,202.5
2022-01-17 00:00:00,,,683.0,,224.0
2022-02-21 00:00:00,,,632.0,,243.0
2022-04-15 00:00:00,,,562.0,,177.5
2022-05-30 00:00:00,,,547.0,,186.0
2022-06-20 00:00:00,,,498.0,,173.5
2022-07-04 00:00:00,,,440.0,,156.5
2022-09-05 00:00:00,,,486.0,,151.5
2022-11-24 00:00:00,,,496.0,,153.0
2022-12-26 00:00:00,,,456.5,,148.5
2023-01-16 00:00:00,,,505.0,,149.0
2023-02-20 00:00:00,,,517.0,,168.0
2023-04-07 00:00:00,,,531.0,,230.0
2023-05-29 00:00:00,,,568.0,,273.5
2023-06-19 00:00:00,,,583.0,,286.5
2023-07-04 00:00:00,,,585.0,,323.5
2023-09-04 00:00:00,,,557.0,,306.0
2023-11-23 00:00:00,,,578.0,,366.0
2023-12-25 00:00:00,,,581.0,,346.0
2024-01-15 00:00:00,,,586.0,,
2024-02-19 00:00:00,,,678.0,,
