,futures_id,contract_date,monthly_group,Open,High,Low,Close,spread,spread_per,Volume,settlement_price,open_interest,trading_session,futures_id_a,contract_date_a,monthly_group_a,Open_a,High_a,Low_a,Close_a,spread_a,spread_per_a,Volume_a,settlement_price_a,open_interest_a,trading_session_a,daily_ret,cum_daily_ret,daily_pnl,cum_daily_pnl,daily_ret_a,cum_daily_ret_a,daily_pnl_a,cum_daily_pnl_a,Foreign_Opt_Signal,Dealer_Opt_Signal,Foreign_Opt_Signal_a,MOVE_open,MOVE_high,MOVE_low,MOVE_close,SOX_open,SOX_high,SOX_low,SOX_close,SOX_ind,MOVE_ind,MOVE_vol,3_ma,divergence,gap,pos_night,pos_day,strat_ret,benchmark_ret,cum_strat,cum_bnh
2026-03-02,TX,202603,2026-03-18,34744.0,35495.0,34722.0,35232.0,-379.0,-1.06,83451.0,35238.0,81723.0,position,TX,202603,2026-03-18,35638.0,35879.0,34910.0,35086.0,-525.0,-1.47,82188.0,0.0,0.0,after_market,0.01404559060557209,0.01404559060557209,355.0,488.0,-0.015489084684886967,-0.015489084684886967,-894.0,-552.0,-0.0013030849826559795,-0.023816363598191163,-0.0014739311035036398,,,,,8036.838,8139.9914,8009.2518,8098.3708,-0.024481709719313516,,,,,,0.0,1.0,355.0,355.0,355.0,355.0
2026-03-03,TX,202603,2026-03-18,35018.0,35320.0,34314.0,34325.0,-913.0,-2.59,112098.0,34331.0,81924.0,position,TX,202603,2026-03-18,35099.0,35366.0,34621.0,35175.0,-63.0,-0.18,93330.0,0.0,0.0,after_market,-0.01978982237706317,-0.005744231771491082,-699.0,-205.0,0.0021653038548106185,-0.013323780830076348,-81.0,-476.0,-0.015827046454419444,-0.011782193515205121,0.0020804587619038116,73.3823,73.3823,73.2091,73.2091,7919.8711,8144.2991,7908.7641,8137.3571,0.007656344447903418,-0.0023602421837417564,,,,-0.0016178474114441066,0.0,1.0,-699.0,-699.0,-344.0,-344.0
2026-03-04,TX,202603,2026-03-18,33461.0,33666.0,32679.0,32834.0,-1497.0,-4.36,153854.0,32871.0,80836.0,position,TX,202603,2026-03-18,34319.0,34444.0,32834.0,33548.0,-783.0,-2.28,148908.0,0.0,0.0,after_market,-0.018738232569259772,-0.024482464340750854,-562.0,-832.0,-0.02246568955971906,-0.03578947038979541,-858.0,-1247.0,0.00017128608362582137,-0.04702856379641603,-0.008288045194805348,73.2091,77.7457,73.2091,77.7457,7806.3017,7855.9237,7673.0774,7764.8824,0.02746080046681576,0.06196770620045866,0.0023658261063173036,34603.0,-0.030488685952085093,-0.022636562272396188,0.0,-1.0,562.0,-562.0,218.0,-906.0
2026-03-05,TX,202603,2026-03-18,33911.0,34294.0,33392.0,33639.0,768.0,2.34,117939.0,33666.0,77062.0,position,TX,202603,2026-03-18,32899.0,33845.0,32804.0,33735.0,864.0,2.63,90497.0,0.0,0.0,after_market,-0.008020996136946734,-0.03250346047769759,-216.0,-1104.0,0.02541110672056912,-0.010378363669226287,1012.0,-411.0,0.0003667318812783776,0.0169635806819812,0.00673222135473504,77.7457,77.7457,70.0322,70.0322,7891.2811,7959.8502,7807.2637,7914.4777,-0.005305879991801987,-0.0992144903190787,0.06196770620045866,34152.666666666664,-0.01222940131566097,0.027441067186453116,0.0,1.0,-216.0,-216.0,2.0,-1122.0
2026-03-06,TX,202603,2026-03-18,33360.0,33888.0,33296.0,33704.0,38.0,0.11,78813.0,33703.0,77462.0,position,TX,202603,2026-03-18,33695.0,33799.0,32820.0,33288.0,-378.0,-1.12,135936.0,0.0,0.0,after_market,0.010311750599520275,-0.022191709878177313,349.0,-760.0,-0.012078943463421865,-0.022457307132648152,-335.0,-818.0,-0.0026062111869300454,-0.0011461044702290866,-0.0019402376411168272,70.0322,74.53,70.0322,74.53,7875.9353,7965.3083,7660.6987,7821.761,0.0029395227094368703,0.06422474233281261,0.11014219173465922,33523.666666666664,-0.007029859502242108,-0.010434317310264896,0.0,0.0,0.0,349.0,2.0,-773.0
2026-03-09,TX,202603,2026-03-18,31730.0,32111.0,31124.0,31786.0,-1917.0,-5.69,117924.0,31902.0,73763.0,position,TX,202603,2026-03-18,33709.0,33792.0,32494.0,32673.0,-1030.0,-3.06,118813.0,0.0,0.0,after_market,0.0017648912700913844,-0.020426818608085928,175.0,-704.0,-0.030733631967723718,-0.05319093910037187,-1979.0,-1854.0,-0.020363346720313844,-0.030168581367692987,-0.004635011860781388,74.53,81.2624,74.53,81.2624,7627.6781,7776.7236,7466.4658,7514.7361,-0.00687845924788133,0.09033141017040114,0.06422474233281261,33232.0,-0.016821136254212776,-0.030589840968431092,0.0,-1.0,-175.0,175.0,-173.0,-598.0
2026-03-10,TX,202603,2026-03-18,33242.0,33329.0,32374.0,32696.0,794.0,2.49,106333.0,32717.0,72741.0,position,TX,202603,2026-03-18,31905.0,33530.0,31756.0,33414.0,1512.0,4.74,90480.0,0.0,0.0,after_market,-0.01642500451236384,-0.03685182312044977,-471.0,-1250.0,0.04729666196520932,-0.005894277135162551,1337.0,-345.0,-0.00036893453734487797,-0.0020860039174967074,0.013482776503052947,74.53,81.2624,74.53,79.7447,7388.3305,7826.4855,7363.1702,7810.3995,-0.01480686501440065,0.06996779820206611,0.09033141017040114,33125.0,0.008724528301886858,0.05121751714591327,0.0,1.0,-471.0,-471.0,-644.0,-1069.0
2026-03-11,TX,202603,2026-03-18,33341.0,34185.0,33277.0,33985.0,1268.0,3.88,79384.0,34004.0,77678.0,position,TX,202603,2026-03-18,32771.0,33499.0,32711.0,33105.0,388.0,1.19,104350.0,0.0,0.0,after_market,0.019315557421792917,-0.01753626569865685,601.0,-606.0,0.010191937993958122,0.004297660858795571,570.0,-11.0,0.004759361416457942,0.02495476938420115,-0.00187474502394091,79.7447,79.7447,76.3332,76.3332,7846.5293,8017.0636,7831.1113,7865.1189,0.05712643742723755,-0.04278027254475836,0.09033141017040114,33064.0,0.0012400193563997242,0.012509175434303854,0.0,1.0,601.0,601.0,-43.0,-468.0
2026-03-12,TX,202603,2026-03-18,33678.0,33939.0,33326.0,33530.0,-474.0,-1.39,78520.0,33512.0,74241.0,position,TX,202603,2026-03-18,33942.0,34006.0,33515.0,33707.0,-297.0,-0.87,87152.0,0.0,0.0,after_market,-0.0043945602470455425,-0.021930825945702392,-48.0,-754.0,-0.006923575511166069,-0.002625914652370498,-264.0,-246.0,-0.00877760013618891,-0.01294700711077711,-0.001611210496478558,76.3332,78.5938,76.3332,78.5938,7918.2754,8002.9357,7881.1729,7914.5648,0.002369149376655111,0.029614898890653052,0.04469221780300048,33408.666666666664,0.008929818609941576,-0.008180079446814759,0.0,1.0,-48.0,-48.0,-91.0,-516.0
2026-03-13,TX,202603,2026-03-18,32664.0,33518.0,32663.0,33315.0,-197.0,-0.59,84529.0,33304.0,70549.0,position,TX,202603,2026-03-18,33630.0,33840.0,32442.0,32442.0,-1070.0,-3.19,98937.0,0.0,0.0,after_market,0.019930198383541597,-0.002000627562160795,349.0,-103.0,-0.0353256021409456,-0.0379515167933161,-966.0,-1434.0,0.003803030107739392,-0.007737333748098299,0.0015133447520759707,78.5938,95.2977,78.5938,95.2977,7771.4878,7805.2496,7612.8739,7643.1733,-0.00046861214248750116,0.2125345765187585,0.029614898890653052,33084.666666666664,-0.01942490982731171,-0.03244855353414855,0.0,0.0,0.0,349.0,-91.0,-167.0
2026-03-16,TX,202603,2026-03-18,33460.0,33723.0,33077.0,33250.0,-54.0,-0.16,107940.0,33264.0,43657.0,position,TX,202603,2026-03-18,33013.0,33663.0,32680.0,32815.0,-489.0,-1.47,105955.0,0.0,0.0,after_market,-0.006276150627615107,-0.008276778189775902,-90.0,-313.0,-0.005997637294399172,-0.04394915408771527,447.0,-1632.0,0.01316298187368527,-0.03547117626065288,-0.0009732082196906292,95.2977,95.2977,91.1698,91.1698,7744.0065,7818.9933,7617.9808,7646.6357,-0.016510931150146013,-0.04331584078104733,0.2125345765187585,32988.0,-0.005244331271977654,-0.01500825453999699,0.0,0.0,0.0,-90.0,-91.0,-257.0
2026-03-17,TX,202603,2026-03-18,33616.0,34017.0,33593.0,33795.0,531.0,1.6,77658.0,33801.0,24545.0,position,TX,202603,2026-03-18,33370.0,33889.0,33100.0,33685.0,421.0,1.27,57485.0,0.0,0.0,after_market,0.005324845311756254,-0.0029519328780196474,-2.0,-134.0,0.009439616421935915,-0.034509537665779355,246.0,-1317.0,-0.002256620267224533,0.04026681076415727,0.00043234314474383185,91.1698,91.1698,85.246,85.246,7846.2855,7896.7701,7762.0643,7796.2442,-0.012573698123833021,-0.06497546336615856,0.04527705446321062,32980.666666666664,0.02135594590770351,0.013082706766917251,0.0,1.0,-2.0,-2.0,-93.0,-259.0
2026-03-18,TX,202603,2026-03-18,34266.0,34440.0,34100.0,34263.0,462.0,1.37,36612.0,0.0,13354.0,position,TX,202603,2026-03-18,33614.0,34225.0,33502.0,34101.0,300.0,0.89,46685.0,0.0,0.0,after_market,-8.755034144636298e-05,-0.0030394832194660104,294.0,-137.0,0.014488010947819374,-0.02002152671795998,652.0,-830.0,-0.042155191930199426,0.018533982061093763,-0.0095002467634668,85.246,85.246,79.2295,79.2295,7828.7677,7866.5859,7763.8645,7836.827,-0.006377705730947425,-0.07057809164066342,0.06949065058771087,33533.666666666664,0.016918320891442518,0.00905459387483365,0.0,1.0,294.0,294.0,201.0,35.0
2026-03-19,TX,202604,2026-04-15,33898.0,34083.0,33537.0,33553.0,-1005.0,-2.91,70707.0,33559.0,72389.0,position,TX,202604,2026-04-15,34560.0,34734.0,33613.0,33897.0,-661.0,-1.91,76539.0,0.0,0.0,after_market,-0.010177591598324431,-0.013217074817790442,-348.0,-482.0,-0.019184027777777724,-0.039205554495737704,-662.0,-1493.0,-0.008033486781957259,-0.053975973140453874,4.833713716119913e-05,79.2295,81.2491,79.2295,81.2491,7883.1341,7913.7,7794.2634,7795.1283,0.0010294468183031924,0.025490505430426857,0.07593762424349504,33894.333333333336,7.867588485788168e-05,-0.010682076875930258,0.0,1.0,-348.0,-348.0,-147.0,-313.0
2026-03-20,TX,202604,2026-04-15,33809.0,33888.0,33371.0,33559.0,0.0,0.0,78064.0,33559.0,70587.0,position,TX,202604,2026-04-15,33550.0,33809.0,32856.0,33782.0,223.0,0.66,100009.0,0.0,0.0,after_market,-0.007394480759561062,-0.020611555577351504,-401.0,-732.0,0.006915052160953783,-0.03229050233478392,259.0,-1261.0,-0.011175400058450436,0.016988586658460578,0.0019500278757804154,81.2491,84.8753,81.2491,84.8753,7561.796,7913.3503,7548.4947,7863.3037,-0.01116380856695054,0.04463064821641094,0.025490505430426857,33926.666666666664,-0.004264099037138869,0.006825023097785543,0.0,0.0,0.0,-401.0,-147.0,-714.0
2026-03-23,TX,202604,2026-04-15,32501.0,32890.0,32213.0,32532.0,-1027.0,-3.06,85507.0,32559.0,71403.0,position,TX,202604,2026-04-15,33408.0,33744.0,32550.0,32737.0,-822.0,-2.45,88226.0,0.0,0.0,after_market,0.0009538168056366647,-0.01965773877171484,-281.0,-701.0,-0.02008500957854409,-0.05237551191332801,-907.0,-1932.0,-0.008879600046824901,-0.05453865487860116,-0.019571108182315947,84.8753,108.8445,84.8753,108.8445,7862.6592,7880.8097,7572.0801,7670.6084,0.03987249854399666,0.28240489282512105,0.04463064821641094,33472.0,-0.02195865200764824,-0.024494174439047667,0.0,-1.0,281.0,-281.0,134.0,-995.0
2026-03-24,TX,202604,2026-04-15,33280.0,33393.0,32342.0,32771.0,212.0,0.65,92474.0,32781.0,70222.0,position,TX,202604,2026-04-15,32220.0,33989.0,32100.0,33618.0,1059.0,3.25,117893.0,0.0,0.0,after_market,-0.01529447115384619,-0.03495220992556103,-194.0,-1210.0,0.04338919925512097,-0.00898631265820704,1060.0,-534.0,0.006230829832951925,0.003381715149855398,0.006468878654541207,108.8445,108.8445,98.1476,98.1476,7825.8405,7958.0029,7734.4158,7773.1319,-0.024425680309277498,-0.09827689961366903,0.28240489282512105,33379.0,0.007160190538961553,0.03338251567687189,0.0,1.0,-194.0,-194.0,-60.0,-1189.0
2026-03-25,TX,202604,2026-04-15,33786.0,33880.0,33444.0,33638.0,857.0,2.61,65796.0,33623.0,71475.0,position,TX,202604,2026-04-15,33086.0,33600.0,32785.0,33459.0,678.0,2.07,85273.0,0.0,0.0,after_market,-0.004380512638370915,-0.03933272256393194,-227.0,-1358.0,0.011273650486610665,0.002287337828403624,700.0,-161.0,0.012504830422670504,0.0007554743462090894,-0.003165383693174295,98.1476,103.0094,98.1476,103.0094,7732.7808,7924.4077,7709.4762,7872.7095,-0.006735199880447351,0.04953559740635538,0.10898789170596124,33271.333333333336,0.0056404913138436985,0.02099417167617701,0.0,1.0,-227.0,-227.0,-287.0,-1416.0
2026-03-26,TX,202604,2026-04-15,33855.0,34024.0,33347.0,33440.0,-183.0,-0.54,68947.0,33441.0,71761.0,position,TX,202604,2026-04-15,33559.0,33930.0,33456.0,33800.0,177.0,0.53,72885.0,0.0,0.0,after_market,-0.012258159799143353,-0.0515908823630753,-381.0,-1773.0,0.00718138204356511,0.009468719871968734,296.0,80.0,-0.015897698682069524,0.028353122170613393,-0.0006042881085448342,103.0094,103.0094,97.5937,97.5937,7935.7285,8025.6545,7896.2381,7967.7449,0.018095521342076593,-0.05257481356070415,0.04953559740635538,33625.666666666664,0.005184531657364877,0.004815981925203605,0.0,1.0,-381.0,-381.0,-668.0,-1797.0
2026-03-27,TX,202604,2026-04-15,32793.0,33243.0,32652.0,33120.0,-321.0,-0.96,64049.0,33126.0,70976.0,position,TX,202604,2026-04-15,33474.0,33542.0,32632.0,32807.0,-634.0,-1.9,68139.0,0.0,0.0,after_market,0.009971640289086148,-0.04161924207398915,256.0,-1446.0,-0.019925912648622757,-0.010457192776654023,-681.0,-587.0,-0.004976132879233224,-0.03508604447968122,-0.006759599149431514,97.5937,115.0172,97.5937,115.0172,7823.7646,7831.7546,7582.8619,7585.8707,0.004034462620539525,0.17853099124226257,0.05549231149141809,33355.333333333336,-0.016439150160893923,-0.0189294258373206,0.0,-1.0,-256.0,256.0,-924.0,-1541.0
2026-03-30,TX,202604,2026-04-15,32048.0,32712.0,32027.0,32468.0,-658.0,-1.99,70743.0,32480.0,70619.0,position,TX,202604,2026-04-15,33049.0,33060.0,32244.0,32244.0,-882.0,-2.66,71462.0,0.0,0.0,after_market,0.013105341987019514,-0.028513900086969635,601.0,-1026.0,-0.02435777179339771,-0.03481496457005173,-1001.0,-1392.0,-0.016604631139979675,0.005583882271118415,-0.007405768849686395,115.0172,115.0172,111.9456,111.9456,7545.4191,7611.5961,7427.1003,7457.6682,-0.030406576905445237,-0.026705570992860195,0.17853099124226257,32950.333333333336,-0.021436303122882028,-0.02644927536231889,0.0,0.0,0.0,601.0,-924.0,-940.0
2026-03-31,TX,202604,2026-04-15,32000.0,32451.0,31806.0,31979.0,-501.0,-1.54,93371.0,31954.0,71514.0,position,TX,202604,2026-04-15,32649.0,32858.0,31902.0,32031.0,-449.0,-1.38,66958.0,0.0,0.0,after_market,-0.0006562500000000249,-0.02917015008696966,-57.0,-1047.0,-0.01892860424515297,-0.0537435688152047,-649.0,-2010.0,-0.009759787279916029,-0.020534694813581007,-0.01238208189790554,111.9456,111.9456,108.3286,108.3286,7517.4696,7546.6834,7084.1313,7142.3342,-0.01162969198092656,-0.032310336449132504,0.027438327187491174,32360.666666666668,-0.010187264374446392,-0.013459406184550993,0.0,0.0,-0.0,-57.0,-924.0,-997.0
2026-04-01,TX,202604,2026-04-15,33049.0,33411.0,32906.0,33402.0,1448.0,4.53,65125.0,33389.0,74778.0,position,TX,202604,2026-04-15,31943.0,33200.0,31740.0,33084.0,1130.0,3.54,86828.0,0.0,0.0,after_market,0.01068110986716686,-0.0184890402198028,552.0,-694.0,0.03571987602917703,-0.018023692786027667,1106.0,-869.0,0.00788277429313564,0.05737378361467068,0.007562810883355406,108.3286,108.3286,96.0536,96.0536,7277.8777,7591.3251,7274.1448,7588.1963,-0.04990181802664029,-0.11331264319856427,0.033389151156758334,32453.0,0.019443502911903332,0.03455392601394669,0.0,1.0,552.0,552.0,-372.0,-445.0
2026-04-02,TX,202604,2026-04-15,33676.0,33687.0,32486.0,32487.0,-902.0,-2.7,85468.0,32505.0,71237.0,position,TX,202604,2026-04-15,33601.0,33880.0,33317.0,33567.0,178.0,0.53,70566.0,0.0,0.0,after_market,-0.03530704359187553,-0.05379608381167833,-1100.0,-1883.0,-0.001011874646587918,-0.019035567432615585,75.0,-903.0,-0.015034718830776263,-0.010012282488741052,-0.007965928311709357,96.0536,96.0536,90.1939,90.1939,7680.6065,7893.7474,7677.5359,7802.3106,0.04263861152819315,-0.06100448083153576,0.12779323211207072,32894.0,0.020459658296345884,0.0049398239626370355,0.0,1.0,-1100.0,-1100.0,-1472.0,-1545.0
2026-04-07,TX,202604,2026-04-15,33192.0,33377.0,32955.0,33159.0,654.0,2.01,51955.0,33177.0,71552.0,position,TX,202604,2026-04-15,32576.0,33131.0,32192.0,32877.0,372.0,1.14,69057.0,0.0,0.0,after_market,-0.0009942154736081177,-0.05479029928528645,39.0,-1916.0,0.009239931237720933,-0.009795636194894652,616.0,-602.0,0.03017663414974417,0.012400821931650626,0.0009408166220533852,90.1939,90.1939,84.4145,84.4145,7917.8625,7963.6473,7821.7812,7916.1047,0.03823141917587036,-0.06407750413276281,,,,,0.0,1.0,39.0,39.0,-1433.0,-1506.0
2026-04-08,TX,202604,2026-04-15,34651.0,35060.0,34473.0,34996.0,1819.0,5.48,74154.0,35016.0,74508.0,position,TX,202604,2026-04-15,33231.0,33596.0,32824.0,33495.0,318.0,0.96,79836.0,0.0,0.0,after_market,0.00995642261406604,-0.04483387667122041,349.0,-1571.0,0.00794438927507457,-0.001851246919820082,1420.0,-338.0,0.03713992291362398,0.06895632108499564,0.0032174654137367637,81.6779,83.1452,81.6779,83.1452,7915.1708,8006.3407,7790.0678,8003.8675,-0.0002220043603939903,0.01796446774464089,0.06846454104448885,,,0.010132995566814351,0.0,1.0,349.0,349.0,-1084.0,-1157.0
2026-04-09,TX,202604,2026-04-15,35032.0,35100.0,34745.0,34932.0,-84.0,-0.24,53298.0,34924.0,72691.0,position,TX,202604,2026-04-15,35000.0,35348.0,34935.0,35208.0,192.0,0.55,57379.0,0.0,0.0,after_market,-0.002854532998401438,-0.047688409669621845,-110.0,-1671.0,0.00594285714285725,0.004091610223037168,32.0,-130.0,-0.0016192094506816308,-0.005708810730967304,-0.007120952816523937,83.1452,83.1452,78.7357,78.7357,8497.9287,8526.3883,8320.9193,8510.9174,0.011205911058798756,-0.05303372894646963,0.01796446774464089,33860.0,0.03981098641464853,0.00605783518116354,0.0,1.0,-110.0,-110.0,-1194.0,-1267.0
2026-04-10,TX,202604,2026-04-15,35249.0,35580.0,35215.0,35567.0,643.0,1.84,55415.0,35569.0,71146.0,position,TX,202604,2026-04-15,34922.0,35289.0,34765.0,35222.0,298.0,0.85,47030.0,0.0,0.0,after_market,0.009021532525745446,-0.0386668771438764,272.0,-1353.0,0.008590573277590163,0.012682183500627331,327.0,170.0,0.015399636329747923,0.011619684022495478,-0.007603611106189202,78.7357,78.7357,74.0129,74.0129,8561.1818,8699.4985,8543.5631,8689.5328,0.001528454810405755,-0.05998295563511846,0.05600382037627161,34641.666666666664,0.01675246572047162,0.00830184358181607,0.0,1.0,272.0,272.0,-922.0,-995.0
2026-04-13,TX,202604,2026-04-15,35280.0,35652.0,35225.0,35457.0,-112.0,-0.31,83511.0,35460.0,38421.0,position,TX,202604,2026-04-15,35521.0,35748.0,35475.0,35589.0,20.0,0.06,38073.0,0.0,0.0,after_market,0.005017006802721102,-0.0336498703411553,220.0,-1176.0,0.001914360519129632,0.014596544019756963,-241.0,238.0,0.00713463561542111,-0.028649454266360855,0.0005054074726721726,74.0129,74.0129,72.1541,72.1541,8812.2198,8962.9539,8795.5833,8889.828,0.014992205865783648,-0.02511454084355569,0.06381049789969029,35339.666666666664,0.007055339137324479,0.000618550903927817,0.0,1.0,220.0,220.0,-702.0,-775.0
2026-04-14,TX,202604,2026-04-15,36060.0,36430.0,35990.0,36381.0,921.0,2.6,71746.0,36377.0,16844.0,position,TX,202604,2026-04-15,35500.0,36037.0,35455.0,36027.0,567.0,1.6,33269.0,0.0,0.0,after_market,0.008901830282861845,-0.024748040058293452,321.0,-855.0,0.014845070422535134,0.029441614442292097,560.0,765.0,-0.02942178607429456,0.06636404693482457,0.0011696930479191093,72.1541,74.4185,72.1541,74.4185,8873.3065,9044.7885,8837.9623,9039.5245,0.008806884276763016,0.031382832022019524,0.02576152983683544,35612.666666666664,0.01163443718527124,0.01607581013622128,0.0,1.0,321.0,321.0,-381.0,-454.0
2026-04-15,TX,202604,2026-04-15,36725.0,37073.0,36618.0,36643.0,266.0,0.73,30496.0,0.0,8760.0,position,TX,202604,2026-04-15,36381.0,36738.0,36357.0,36725.0,348.0,0.96,27131.0,0.0,0.0,after_market,-0.002232811436351234,-0.026980851494644686,294.0,-937.0,0.009455485005909647,0.038897099448201744,344.0,1109.0,-0.027311560734297705,0.030447139041549675,0.005072083879423329,74.4185,74.4185,74.3509,74.3509,9133.2896,9225.462,9042.15,9224.1211,0.018732363183893153,-0.0009083762774041437,0.031382832022019524,36113.666666666664,0.01692803278537225,0.009455485005909647,0.0,1.0,294.0,294.0,-87.0,-160.0
2026-04-16,TX,202605,2026-05-20,37321.0,37666.0,37086.0,37645.0,660.0,1.78,56683.0,37649.0,77142.0,position,TX,202605,2026-05-20,37019.0,37294.0,37001.0,37226.0,241.0,0.65,35783.0,0.0,0.0,after_market,0.008681439404088831,-0.018299412090555855,229.0,-613.0,0.005591723169183327,0.04448882261738507,302.0,1316.0,-0.042738427030286595,0.025992447906369856,-0.0006638784831729889,74.3509,74.3509,67.941,67.941,9189.2256,9249.9555,9035.1111,9239.2855,0.009945102364869784,-0.08621146482423203,0.0009092021750913837,36659.333333333336,0.015457636981941691,0.015910269355674966,0.0,1.0,229.0,229.0,142.0,69.0
2026-04-17,TX,202605,2026-05-20,37145.0,37388.0,37033.0,37083.0,-566.0,-1.5,51355.0,37078.0,78627.0,position,TX,202605,2026-05-20,37550.0,37564.0,36927.0,37143.0,-506.0,-1.34,60989.0,0.0,0.0,after_market,-0.0016691344730112023,-0.019968546563567058,-90.0,-675.0,-0.01083888149134482,0.03364994112604025,-405.0,909.0,-0.010080585721717777,-0.05597140515504632,-0.00022292177197331945,67.941,67.941,65.893,65.893,9215.9275,9356.1632,9144.9762,9329.3453,0.005447673414395338,-0.030143801239310597,0.09434509353703935,37031.333333333336,0.0030154643815147875,-0.013335104263514364,0.0,0.0,-0.0,-90.0,142.0,-21.0
2026-04-20,TX,202605,2026-05-20,37324.0,37704.0,37209.0,37254.0,176.0,0.47,52704.0,37240.0,79491.0,position,TX,202605,2026-05-20,37055.0,37993.0,37042.0,37742.0,664.0,1.79,52411.0,0.0,0.0,after_market,-0.0018754688672167896,-0.021844015430783847,-10.0,-745.0,0.018540008096073368,0.05218994922211362,269.0,1596.0,-0.007884446170702995,-0.009673795517329997,-0.00036941181919331484,65.893,65.893,65.6953,65.6953,9477.8886,9556.4233,9419.128,9555.8828,0.012306715737510077,-0.0030003186984960406,0.031080691423975182,37370.333333333336,0.009945500441526534,0.01777094625569675,0.0,1.0,-10.0,-10.0,132.0,-31.0
2026-04-21,TX,202605,2026-05-20,37707.0,38159.0,37647.0,38048.0,808.0,2.17,63284.0,38048.0,82127.0,position,TX,202605,2026-05-20,37314.0,37692.0,37218.0,37621.0,381.0,1.02,43889.0,0.0,0.0,after_market,0.009043413689765911,-0.012800601741017936,403.0,-404.0,0.008227474942380963,0.06041742416449458,393.0,1903.0,0.006485130006009462,0.021363682741968492,0.00635395874916833,65.6953,67.9035,65.6953,67.9035,9604.8961,9612.0848,9462.9402,9599.2133,0.008229069077684503,0.03361275464150393,0.0030093477006725156,37502.0,0.0031731640979146825,0.009851291136522278,0.0,1.0,403.0,403.0,535.0,372.0
2026-04-22,TX,202605,2026-05-20,38150.0,38369.0,37925.0,38206.0,158.0,0.42,54740.0,38216.0,81421.0,position,TX,202605,2026-05-20,38110.0,38126.0,37542.0,37904.0,-144.0,-0.38,56956.0,0.0,0.0,after_market,0.0014678899082569696,-0.011332711832760967,81.0,-348.0,-0.00540540540540535,0.05501201875908923,40.0,1697.0,-0.005408401631230946,0.027230325924458718,0.004450262970084596,67.9035,70.7772,67.9035,70.7772,9676.7778,9721.403,9569.7026,9647.2143,-0.0005916565823133046,0.04232035167553949,0.03361275464150393,37755.666666666664,0.00392877007424941,-0.003784693019344032,0.0,1.0,81.0,81.0,616.0,453.0
2026-04-23,TX,202605,2026-05-20,38686.0,39087.0,37408.0,37875.0,-341.0,-0.89,111647.0,37851.0,78250.0,position,TX,202605,2026-05-20,38231.0,38750.0,38023.0,38746.0,530.0,1.39,38492.0,0.0,0.0,after_market,-0.020963656102983008,-0.032296367935743975,-766.0,-1159.0,0.013470743637362448,0.06848276239645168,455.0,2212.0,0.010658859865024042,-0.03327286403256493,0.015030414438945315,70.7772,70.7772,69.8789,69.8789,9817.1021,9914.0799,9698.9473,9909.2664,-0.0030550975346359532,-0.012691940342369978,0.04232035167553949,38090.333333333336,0.017213466233777508,0.014133905669266644,0.0,1.0,-766.0,-766.0,-150.0,-313.0
2026-04-24,TX,202605,2026-05-20,38299.0,39244.0,38268.0,39224.0,1373.0,3.63,87114.0,39222.0,79817.0,position,TX,202605,2026-05-20,37920.0,38434.0,37643.0,38047.0,196.0,0.52,66531.0,0.0,0.0,after_market,0.024152066633593483,-0.008144301302150492,948.0,-234.0,0.0033491561181435703,0.07183191851459525,379.0,2339.0,0.024752366467806465,0.011043190183707061,0.0013545766244006843,69.8789,69.8789,67.6962,67.6962,9984.7254,10206.1828,9923.4276,10078.5723,0.009388137055231338,-0.031235465927483053,0.012855096459732263,38232.333333333336,-0.004847554861940662,0.004541254125412619,0.0,1.0,948.0,948.0,798.0,635.0
2026-04-27,TX,202605,2026-05-20,39999.0,40458.0,39837.0,39888.0,666.0,1.7,80194.0,39921.0,79918.0,position,TX,202605,2026-05-20,39247.0,39875.0,39130.0,39766.0,544.0,1.39,57240.0,0.0,0.0,after_market,-0.0027750693767344403,-0.010919370678884932,-137.0,-345.0,0.0132239406833643,0.08505585919795955,752.0,2858.0,-0.03752779672822917,0.02721188170231265,-0.006505557289616893,67.6962,67.6962,66.9665,66.9665,10463.814,10564.0141,10270.9595,10513.6638,0.009399046667823319,-0.01077903929614965,0.032242577869954214,38853.0,0.023498828919259696,0.013818070569039387,0.0,1.0,-137.0,-137.0,661.0,498.0
2026-04-28,TX,202605,2026-05-20,39820.0,40347.0,39661.0,39749.0,-172.0,-0.43,63337.0,39733.0,79804.0,position,TX,202605,2026-05-20,39862.0,40050.0,39485.0,39719.0,-202.0,-0.51,42663.0,0.0,0.0,after_market,-0.0017830236062280624,-0.012702394285112995,-185.0,-416.0,-0.0035873764487481807,0.08146848274921137,-42.0,2715.0,-0.030664300341296927,0.03156916397409659,-0.010414768990030127,66.9665,68.4218,66.9665,68.4218,10533.3211,10536.8576,10251.7321,10408.038,0.00476401816775418,0.021731761403089633,0.010896493022630738,39177.333333333336,0.013826021849368653,-0.004236863217007669,0.0,-1.0,185.0,-185.0,846.0,313.0
2026-04-29,TX,202605,2026-05-20,39698.0,39790.0,39123.0,39490.0,-243.0,-0.61,59705.0,39479.0,79818.0,position,TX,202605,2026-05-20,39635.0,39854.0,39182.0,39461.0,-272.0,-0.68,55589.0,0.0,0.0,after_market,-0.005239558667943012,-0.017941952953056006,-218.0,-624.0,-0.004390059291030646,0.07707842345818072,63.0,2541.0,-0.003753521653494228,-0.038984515577338265,-0.020155762853604133,68.4218,68.6787,68.4218,68.6787,9979.1713,10184.9883,9865.3749,10035.5781,-0.011893979003450128,0.0037546512953474664,0.021731761403089633,39648.666666666664,-0.004733240293914864,-0.0072454652947243625,0.0,-1.0,218.0,-218.0,1064.0,95.0
2026-04-30,TX,202605,2026-05-20,39698.0,39937.0,39265.0,39360.0,-119.0,-0.3,70719.0,39342.0,79725.0,position,TX,202605,2026-05-20,39480.0,39649.0,39166.0,39337.0,-142.0,-0.36,48696.0,0.0,0.0,after_market,-0.008514282835407339,-0.026456235788463345,-320.0,-962.0,-0.0036220871327253823,0.07345633632545534,218.0,2398.0,0.007353810832434689,0.03479148025740162,-0.004001908482958086,68.6787,74.3273,68.6787,74.3273,10192.3313,10272.9499,10113.2115,10271.2983,0.005652453325458051,0.08224675190415631,0.0037546512953474664,39505.666666666664,-0.004269429702068006,-0.0038743985819195137,0.0,-1.0,320.0,-320.0,1384.0,-225.0
2026-05-04,TX,202605,2026-05-20,40440.0,41074.0,40167.0,41031.0,1689.0,4.29,63214.0,41056.0,82619.0,position,TX,202605,2026-05-20,39378.0,40234.0,39376.0,40103.0,761.0,1.93,56389.0,0.0,0.0,after_market,0.014614243323442189,-0.011841992465021156,555.0,-371.0,0.018411295647315695,0.09186763197277104,1062.0,3123.0,0.003196601733459195,0.03881032330729112,0.006596193966911228,74.3273,74.3273,72.0683,72.0683,10388.8177,10624.2118,10364.396,10595.341,0.011153492608083182,-0.03039260137257782,,,,,0.0,1.0,555.0,555.0,1939.0,330.0
2026-05-05,TX,202605,2026-05-20,40936.0,41097.0,40798.0,41035.0,-21.0,-0.05,41739.0,41034.0,83828.0,position,TX,202605,2026-05-20,40995.0,41185.0,40541.0,40788.0,-268.0,-0.65,58129.0,0.0,0.0,after_market,0.002418409224154816,-0.00942358324086634,141.0,-272.0,-0.005049396267837514,0.08681823570493352,-59.0,2916.0,-0.02870186777882239,-0.030582292998611278,-0.006485694553949822,70.4133,77.863,70.4133,77.863,10656.071,10690.4711,10430.2095,10534.6578,0.01987938434996317,0.10579961456145348,0.03134526553283479,,,-0.0059223513928493565,0.0,-1.0,-141.0,141.0,1798.0,471.0
2026-05-06,TX,202605,2026-05-20,41650.0,42005.0,41038.0,41503.0,469.0,1.14,83758.0,41514.0,84612.0,position,TX,202605,2026-05-20,41077.0,41569.0,40961.0,41555.0,521.0,1.27,45799.0,0.0,0.0,after_market,-0.003529411764705892,-0.012952995005572232,-205.0,-419.0,0.011636682328310277,0.0984549180332438,573.0,3394.0,-0.004593080307682568,0.010348245166952935,0.007688775423809007,77.863,77.863,76.7767,76.7767,10759.2107,11058.157,10718.4859,10980.5778,-0.01139380546544777,-0.013951427507288394,0.10579961456145348,40815.333333333336,0.018122274308674857,0.012672109175094537,0.0,1.0,-205.0,-205.0,1593.0,266.0
2026-05-07,TX,202605,2026-05-20,42329.0,42468.0,42005.0,42340.0,826.0,1.99,59558.0,42352.0,86565.0,position,TX,202605,2026-05-20,41445.0,42327.0,41410.0,42320.0,806.0,1.94,56177.0,0.0,0.0,after_market,0.0002598691204611647,-0.012693125885111067,93.0,-408.0,0.021112317529255575,0.11956723556249937,884.0,4269.0,-0.01918926491635934,0.030280979242691852,-0.004662084552058965,76.7767,76.7767,70.6343,70.6343,11243.8246,11477.3844,11062.9527,11472.7547,0.020574659812173657,-0.08000343854320402,0.014148823796802823,41554.333333333336,0.018425675621475346,0.019685323952485456,0.0,1.0,93.0,93.0,1686.0,359.0
2026-05-08,TX,202605,2026-05-20,42120.0,42343.0,41539.0,41937.0,-415.0,-0.98,66370.0,41931.0,89587.0,position,TX,202605,2026-05-20,42422.0,42554.0,41751.0,41941.0,-411.0,-0.97,54697.0,0.0,0.0,after_market,-0.004344729344729292,-0.01703785522984036,-126.0,-591.0,-0.011338456461270074,0.1082287791012293,-302.0,3788.0,-0.01877747003507467,-0.014501497940518469,-0.009553692306686113,70.6343,72.2378,70.6343,72.2378,11332.186,11404.3715,11075.1313,11160.9932,0.020360518608588007,0.02270143542160108,0.08696058430535891,41938.666666666664,5.563680295028739e-05,-0.009423712801133632,0.0,-1.0,126.0,-126.0,1812.0,233.0
2026-05-11,TX,202605,2026-05-20,42230.0,42258.0,41802.0,41945.0,14.0,0.03,46800.0,41969.0,89581.0,position,TX,202605,2026-05-20,41994.0,42300.0,41668.0,42292.0,361.0,0.86,41908.0,0.0,0.0,after_market,-0.006748756807956391,-0.02378661203779675,-261.0,-876.0,0.007096251845501778,0.11532503094673108,236.0,4086.0,-0.0013469974901430361,-0.010996419432383477,0.004150556689220635,72.2378,72.2378,67.2527,67.2527,11408.0056,11776.7357,11388.4205,11775.4998,-0.015106776397775246,-0.0690095767036093,0.02270143542160108,42184.333333333336,0.0025522903447567913,0.008465078570236262,0.0,1.0,-261.0,-261.0,1551.0,-28.0
2026-05-12,TX,202605,2026-05-20,42200.0,42363.0,41607.0,41695.0,-274.0,-0.65,72568.0,41704.0,87671.0,position,TX,202605,2026-05-20,41969.0,42367.0,41751.0,42278.0,309.0,0.74,46025.0,0.0,0.0,after_market,-0.01196682464454979,-0.03575343668234654,-600.0,-1381.0,0.00736257714027011,0.12268760808700119,231.0,4395.0,-0.0203799019250064,0.04634439091031386,0.00042105176887843486,67.2527,70.735,67.2527,70.735,11875.2858,12108.6674,11822.4901,12081.0416,0.032213711395793876,0.051779333766525326,0.07412490502240043,42170.333333333336,0.0025531376718228582,0.007938967695792165,0.0,1.0,-600.0,-600.0,951.0,-628.0
2026-05-13,TX,202605,2026-05-20,41238.0,41604.0,40984.0,41469.0,-235.0,-0.56,73412.0,41448.0,86783.0,position,TX,202605,2026-05-20,41600.0,41700.0,40740.0,41136.0,-568.0,-1.36,73828.0,0.0,0.0,after_market,0.00560162956496435,-0.03015180711738219,261.0,-1150.0,-0.01115384615384618,0.111533761933155,-362.0,3931.0,0.0021298573193343586,-0.02532179700605346,-0.005101292245533081,70.735,71.6779,70.735,71.6779,11741.4719,11919.0027,11263.5789,11717.2581,0.01732638720998203,0.013330034636318544,0.051779333766525326,41902.0,-0.01828075032218035,-0.01340688331934281,0.0,-1.0,-261.0,261.0,690.0,-367.0
2026-05-14,TX,202605,2026-05-20,41948.0,42238.0,41497.0,41602.0,154.0,0.37,73073.0,41636.0,83666.0,position,TX,202605,2026-05-20,41499.0,41835.0,41204.0,41756.0,308.0,0.74,52114.0,0.0,0.0,after_market,-0.00824830742824445,-0.03840011454562664,-194.0,-1496.0,0.0061929203113328946,0.1177266822444879,449.0,4188.0,-0.009616318405757211,0.007824517726469263,-0.0003987907634913488,71.6779,71.6779,70.236,70.236,11988.7531,12106.5547,11739.1651,12017.9826,-0.0020622457053277587,-0.02011638175783592,0.013330034636318544,41723.333333333336,0.0007829352081170082,0.006920832429043289,0.0,1.0,-194.0,-194.0,496.0,-561.0
2026-05-15,TX,202605,2026-05-20,42282.0,42454.0,40976.0,41012.0,-624.0,-1.5,100977.0,40998.0,75507.0,position,TX,202605,2026-05-20,41754.0,42377.0,41713.0,42359.0,723.0,1.74,52326.0,0.0,0.0,after_market,-0.030036422118159045,-0.06843653666378569,-1128.0,-2766.0,0.014489629736073262,0.13221631198056116,528.0,4793.0,-0.021406427807274375,-0.00425722457112328,0.001758358321604145,70.236,70.236,69.6277,69.6277,11950.142,12141.5404,11892.4064,12073.7792,0.0024380767337679465,-0.008660800728970908,0.020529358163904332,41750.333333333336,0.01457872591835585,0.018196240565357513,0.0,1.0,-1128.0,-1128.0,-632.0,-1689.0
2026-05-18,TX,202605,2026-05-20,40200.0,40990.0,40169.0,40807.0,-191.0,-0.47,99781.0,40797.0,42895.0,position,TX,202605,2026-05-20,41154.0,41223.0,40448.0,40511.0,-487.0,-1.19,71082.0,0.0,0.0,after_market,0.0150995024875622,-0.053337034176223486,762.0,-2159.0,-0.015624240657044264,0.1165920713235169,-954.0,4150.0,0.007620916466337247,-0.0482558729667576,-0.0040905747133160855,69.6277,79.8711,69.6277,79.8711,11672.5425,11810.6663,11522.2707,11588.4632,0.010346086264079624,0.14711673658615743,0.008736465515879477,41542.0,-0.024818256222618018,-0.012215936798985694,0.0,-1.0,-762.0,762.0,-1394.0,-927.0
2026-05-19,TX,202605,2026-05-20,40890.0,40931.0,40188.0,40248.0,-549.0,-1.35,86112.0,40240.0,17052.0,position,TX,202605,2026-05-20,40962.0,41450.0,40524.0,40878.0,81.0,0.2,65991.0,0.0,0.0,after_market,-0.015700660308143766,-0.06903769448436725,-541.0,-2801.0,-0.0020506811190860175,0.11454139020443088,-72.0,4066.0,-0.002241077168371639,-0.021836335472083777,-0.0003978432706904675,79.8711,86.0733,79.8711,86.0733,11825.8803,11825.8803,11097.7583,11302.5162,-0.007203169318081293,0.07765261778039867,0.14711673658615743,41249.333333333336,-0.009002165691566755,0.0017398975665938732,0.0,0.0,-0.0,-541.0,-1394.0,-1468.0
2026-05-20,TX,202605,2026-05-20,40051.0,40405.0,39881.0,40078.0,-162.0,-0.4,35358.0,0.0,10497.0,position,TX,202605,2026-05-20,40349.0,40545.0,39735.0,40140.0,-100.0,-0.25,54823.0,0.0,0.0,after_market,0.0006741404708996424,-0.06836355401346761,219.0,-2774.0,-0.005179806190983682,0.1093615840134472,-298.0,3857.0,-0.0144054262501383,-0.010337668654189109,0.0023631980449786995,86.0733,86.0733,85.3218,85.3218,11053.9942,11513.9922,10895.7478,11305.4955,-0.04425582592781707,-0.008730930497610867,0.07765261778039867,40509.666666666664,-0.009125393938895221,-0.0026833631484793896,0.0,0.0,0.0,219.0,-1394.0,-1249.0
2026-05-21,TX,202606,2026-06-17,40967.0,41666.0,40957.0,41473.0,1349.0,3.36,54092.0,41503.0,81626.0,position,TX,202606,2026-06-17,40270.0,41098.0,40221.0,40990.0,866.0,2.16,49228.0,0.0,0.0,after_market,0.012351404789220588,-0.05601214922424702,346.0,-2268.0,0.01787931462627257,0.12724089863971977,697.0,4577.0,0.013822379216861023,-0.060395179968548,0.004596812210662606,85.3218,85.3218,81.5348,81.5348,11580.082,11818.392,11528.1315,11813.2862,0.02275207453971717,-0.04438490514733617,0.008807831058416538,40669.333333333336,0.007884728870237945,0.02275562652826979,0.0,1.0,346.0,346.0,-1048.0,-903.0
2026-05-22,TX,202606,2026-06-17,42196.0,42502.0,41790.0,42442.0,939.0,2.26,57547.0,42455.0,82109.0,position,TX,202606,2026-06-17,41313.0,41970.0,41205.0,41791.0,288.0,0.69,61852.0,0.0,0.0,after_market,0.0058299364868708015,-0.05018221273737622,216.0,-2022.0,0.011570207924866294,0.13881110656458606,883.0,5055.0,0.011517480119788173,0.010254520850767754,0.003761187526159174,81.5348,81.5348,79.7179,79.7179,11826.0876,12003.0087,11739.8106,11964.0851,0.020138389348192787,-0.022283736514960517,0.04644642533004295,40973.666666666664,0.01994777133280734,0.0076676391869408,0.0,1.0,216.0,216.0,-832.0,-687.0
2026-05-25,TX,202606,2026-06-17,43195.0,44050.0,43004.0,43877.0,1422.0,3.35,58040.0,43870.0,86161.0,position,TX,202606,2026-06-17,42412.0,42817.0,42330.0,42634.0,179.0,0.42,41417.0,0.0,0.0,after_market,0.015788864451904194,-0.034393348285472025,675.0,-1340.0,0.005234367631802295,0.14404547419638836,783.0,5277.0,0.0005918593122944413,-0.01591732399384952,0.008583277584912431,79.7179,79.7179,78.4304,78.4304,,,,,0.011668905615074276,-0.016150701410849955,0.022791618946309544,41805.0,0.019830163855998117,0.004523820743603135,0.0,1.0,675.0,675.0,-157.0,-12.0
2026-05-26,TX,202606,2026-06-17,44274.0,44280.0,43619.0,43893.0,23.0,0.05,57331.0,43864.0,87668.0,position,TX,202606,2026-06-17,43870.0,44399.0,43806.0,44389.0,519.0,1.18,24420.0,0.0,0.0,after_market,-0.008605502100555662,-0.04299885038602769,-327.0,-1721.0,0.011830408023706385,0.15587588222009474,404.0,5796.0,-0.04402244696754214,0.0239625342596361,-0.017034515552875135,,,,,12070.1666,12304.5232,12069.0407,12202.5432,0.011668905615074276,,0.016415828556274104,42938.0,0.03379291070846335,0.011668983750028561,0.0,-1.0,327.0,-327.0,170.0,-339.0
2026-05-27,TX,202606,2026-06-17,44490.0,45299.0,44336.0,44798.0,934.0,2.13,83854.0,44794.0,88791.0,position,TX,202606,2026-06-17,43947.0,44500.0,43787.0,44438.0,574.0,1.31,42235.0,0.0,0.0,after_market,0.006922904023376031,-0.036075946362651656,172.0,-1413.0,0.011172548751905653,0.1670484309720004,543.0,6287.0,-0.02647719643595553,0.07612257041836211,0.0039401368123068645,78.4304,78.4304,74.9506,74.9506,12616.6306,12932.8062,12548.2403,12876.9065,0.010967255414684907,-0.04436800016320219,,43820.333333333336,0.01409543514806666,0.012416558448955506,0.0,1.0,172.0,172.0,342.0,-167.0
2026-05-28,TX,202606,2026-06-17,45174.0,45348.0,43458.0,43842.0,-952.0,-2.13,98081.0,43839.0,92824.0,position,TX,202606,2026-06-17,44662.0,45632.0,44606.0,45239.0,445.0,0.99,78853.0,0.0,0.0,after_market,-0.029485987514942247,-0.0655619338775939,-1210.0,-2745.0,0.012919260221217144,0.17996769119321754,512.0,6864.0,-0.0341533509160918,-0.04473146377527254,-0.000657690031542277,74.9506,74.9506,70.8964,70.8964,13029.7869,13037.907,12452.3598,12702.1886,0.02062958869541598,-0.05409162835254144,0.04642791385259115,44688.666666666664,0.012314830009100053,0.009844189472744347,0.0,1.0,-1210.0,-1210.0,-868.0,-1377.0
2026-05-29,TX,202606,2026-06-17,44655.0,45471.0,44655.0,45285.0,1446.0,3.3,66493.0,45315.0,91961.0,position,TX,202606,2026-06-17,43964.0,44894.0,43946.0,44789.0,950.0,2.17,60558.0,0.0,0.0,after_market,0.014108162579778316,-0.05145377129781559,708.0,-2115.0,0.018765353471021706,0.19873304466423924,691.0,7689.0,0.018002461561070597,0.04248868005250762,0.00861152151010205,70.8964,70.8964,69.7379,69.7379,12748.5914,12961.1896,12528.6882,12829.1434,-0.02514226076866999,-0.01634074508719774,0.05718485000648821,44822.0,-0.0007362455936816836,0.021600291957483586,0.0,1.0,708.0,708.0,-160.0,-669.0
2026-06-01,TX,202606,2026-06-17,45483.0,46465.0,45405.0,46035.0,720.0,1.59,75635.0,46041.0,94962.0,position,TX,202606,2026-06-17,45363.0,45592.0,44858.0,45069.0,-246.0,-0.54,54773.0,0.0,0.0,after_market,0.012136402611964803,-0.039317368685850784,597.0,-1563.0,-0.006481052840420554,0.1922519918238187,120.0,7395.0,-0.0010771477829195973,0.014067213394979693,0.0030041581718438038,69.7379,70.2228,69.7379,70.2228,12973.7673,13115.2765,12737.1912,12829.3823,0.0063185019797560305,0.0069531775404767515,0.0166122008262366,45032.333333333336,0.0008142297756426053,-0.0047697913216296906,0.0,1.0,597.0,597.0,437.0,-72.0
2026-06-02,TX,202606,2026-06-17,46145.0,46228.0,45333.0,46087.0,46.0,0.1,73548.0,46103.0,96365.0,position,TX,202606,2026-06-17,46080.0,46746.0,45745.0,46546.0,505.0,1.1,60755.0,0.0,0.0,after_market,-0.0012569075739516933,-0.04057427625980248,,-1621.0,0.010112847222222276,0.20236483904604097,65.0,7861.0,-0.007319624014491324,-0.028969604421792684,-0.000552195520694288,70.2228,73.3327,70.2228,73.3327,,,,,-0.011128995661884633,0.04428618625289782,0.0069531775404767515,45468.0,0.02370898214128614,0.011100249809927298,0.0,1.0,,,,
