,futures_id,contract_date,monthly_group,Open,High,Low,Close,spread,spread_per,Volume,settlement_price,open_interest,trading_session,futures_id_a,contract_date_a,monthly_group_a,Open_a,High_a,Low_a,Close_a,spread_a,spread_per_a,Volume_a,settlement_price_a,open_interest_a,trading_session_a,daily_ret,cum_daily_ret,daily_pnl,cum_daily_pnl,daily_ret_a,cum_daily_ret_a,daily_pnl_a,cum_daily_pnl_a,Foreign_Opt_Signal,Dealer_Opt_Signal,Foreign_Opt_Signal_a,MOVE_open,MOVE_high,MOVE_low,MOVE_close,SOX_open,SOX_high,SOX_low,SOX_close,SOX_ind,MOVE_ind,MOVE_vol,3_ma,divergence,3_ma_v2,divergence_v2,gap,gap_v2,pos_night,pos_day,strat_ret,benchmark_ret,cum_strat,cum_bnh
2026-03-02,TX,202603,2026-03-18,34744.0,35495.0,34722.0,35232.0,-379.0,-1.06,83451.0,35238.0,81723.0,position,TX,202603,2026-03-18,35638.0,35879.0,34910.0,35086.0,-525.0,-1.47,82188.0,0.0,0.0,after_market,0.01404559060557209,0.1705510830242356,355.0,4572.0,-0.015489084684886967,0.818873724264872,-894.0,13594.0,-0.0013030849826559795,-0.023816363598191163,-0.0014739311035036398,62.4307,63.9278,62.4307,63.9278,8036.838,8139.9914,8009.2518,8098.3708,-0.024481709719313516,0.023980189233822502,,,,,,,,0.0,1.0,355.0,355.0,355.0,355.0
2026-03-03,TX,202603,2026-03-18,35018.0,35320.0,34314.0,34325.0,-913.0,-2.59,112098.0,34331.0,81924.0,position,TX,202603,2026-03-18,35099.0,35366.0,34621.0,35175.0,-63.0,-0.18,93330.0,0.0,0.0,after_market,-0.01978982237706317,0.15076126064717243,-699.0,3879.0,0.0021653038548106185,0.8210390281196827,-81.0,13670.0,-0.015827046454419444,-0.011782193515205121,0.0020804587619038116,73.3823,73.3823,73.2091,73.2091,7919.8711,8144.2991,7908.7641,8137.3571,0.007656344447903418,-0.0023602421837417564,0.023980189233822502,,,,,-0.0016178474114441066,-0.006074023614895507,0.0,1.0,-699.0,-699.0,-344.0,-344.0
2026-03-04,TX,202603,2026-03-18,33461.0,33666.0,32679.0,32834.0,-1497.0,-4.36,153854.0,32871.0,80836.0,position,TX,202603,2026-03-18,34319.0,34444.0,32834.0,33548.0,-783.0,-2.28,148908.0,0.0,0.0,after_market,-0.018738232569259772,0.13202302807791266,-562.0,3252.0,-0.02246568955971906,0.7985733385599636,-858.0,12899.0,0.00017128608362582137,-0.04702856379641603,-0.008288045194805348,73.2091,77.7457,73.2091,77.7457,7806.3017,7855.9237,7673.0774,7764.8824,0.02746080046681576,0.06196770620045866,0.0023658261063173036,34603.0,-0.030488685952085093,34130.333333333336,,-0.022636562272396188,-0.025171158048069908,0.0,-1.0,562.0,-562.0,218.0,-906.0
2026-03-05,TX,202603,2026-03-18,33911.0,34294.0,33392.0,33639.0,768.0,2.34,117939.0,33666.0,77062.0,position,TX,202603,2026-03-18,32899.0,33845.0,32804.0,33735.0,864.0,2.63,90497.0,0.0,0.0,after_market,-0.008020996136946734,0.12400203194096593,-216.0,2980.0,0.02541110672056912,0.8239844452805327,1012.0,13735.0,0.0003667318812783776,0.0169635806819812,0.00673222135473504,77.7457,77.7457,70.0322,70.0322,7891.2811,7959.8502,7807.2637,7914.4777,-0.005305879991801987,-0.0992144903190787,0.06196770620045866,34152.666666666664,-0.01222940131566097,33599.333333333336,-0.03798185387387565,0.027441067186453116,0.03280136443930082,0.0,1.0,-216.0,-216.0,2.0,-1122.0
2026-03-06,TX,202603,2026-03-18,33360.0,33888.0,33296.0,33704.0,38.0,0.11,78813.0,33703.0,77462.0,position,TX,202603,2026-03-18,33695.0,33799.0,32820.0,33288.0,-378.0,-1.12,135936.0,0.0,0.0,after_market,0.010311750599520275,0.1343137825404862,349.0,3324.0,-0.012078943463421865,0.8119055018171109,-335.0,13328.0,-0.0026062111869300454,-0.0011461044702290866,-0.0019402376411168272,70.0322,74.53,70.0322,74.53,7875.9353,7965.3083,7660.6987,7821.761,0.0029395227094368703,0.06422474233281261,0.11014219173465922,33523.666666666664,-0.007029859502242108,33392.333333333336,0.0011805789797416644,-0.010434317310264896,-0.008293944528672048,0.0,1.0,349.0,349.0,351.0,-773.0
2026-03-09,TX,202603,2026-03-18,31730.0,32111.0,31124.0,31786.0,-1917.0,-5.69,117924.0,31902.0,73763.0,position,TX,202603,2026-03-18,33709.0,33792.0,32494.0,32673.0,-1030.0,-3.06,118813.0,0.0,0.0,after_market,0.0017648912700913844,0.1360786738105776,175.0,3380.0,-0.030733631967723718,0.7811718698493871,-1979.0,12292.0,-0.020363346720313844,-0.030168581367692987,-0.004635011860781388,74.53,81.2624,74.53,81.2624,7627.6781,7776.7236,7466.4658,7514.7361,-0.00687845924788133,0.09033141017040114,0.06422474233281261,33232.0,-0.016821136254212776,33043.0,0.00933347974085863,-0.030589840968431092,-0.05856871587942081,0.0,-1.0,-175.0,175.0,176.0,-598.0
2026-03-10,TX,202603,2026-03-18,33242.0,33329.0,32374.0,32696.0,794.0,2.49,106333.0,32717.0,72741.0,position,TX,202603,2026-03-18,31905.0,33530.0,31756.0,33414.0,1512.0,4.74,90480.0,0.0,0.0,after_market,-0.01642500451236384,0.11965366929821375,-471.0,2834.0,0.04729666196520932,0.8284685318145965,1337.0,13801.0,-0.00036893453734487797,-0.0020860039174967074,0.013482776503052947,74.53,81.2624,74.53,79.7447,7388.3305,7826.4855,7363.1702,7810.3995,-0.01480686501440065,0.06996779820206611,0.09033141017040114,33125.0,0.008724528301886858,32728.666666666668,-0.03804134007202731,0.05121751714591327,0.045806329830743175,0.0,1.0,-471.0,-471.0,-295.0,-1069.0
2026-03-11,TX,202603,2026-03-18,33341.0,34185.0,33277.0,33985.0,1268.0,3.88,79384.0,34004.0,77678.0,position,TX,202603,2026-03-18,32771.0,33499.0,32711.0,33105.0,388.0,1.19,104350.0,0.0,0.0,after_market,0.019315557421792917,0.13896922672000667,601.0,3478.0,0.010191937993958122,0.8386604698085546,570.0,14135.0,0.004759361416457942,0.02495476938420115,-0.00187474502394091,79.7447,79.7447,76.3332,76.3332,7846.5293,8017.0636,7831.1113,7865.1189,0.05712643742723755,-0.04278027254475836,0.09033141017040114,33064.0,0.0012400193563997242,32822.333333333336,-0.0009981056362414753,0.012509175434303854,0.019727183753364352,0.0,1.0,601.0,601.0,306.0,-468.0
2026-03-12,TX,202603,2026-03-18,33678.0,33939.0,33326.0,33530.0,-474.0,-1.39,78520.0,33512.0,74241.0,position,TX,202603,2026-03-18,33942.0,34006.0,33515.0,33707.0,-297.0,-0.87,87152.0,0.0,0.0,after_market,-0.0043945602470455425,0.13457466647296112,-48.0,3330.0,-0.006923575511166069,0.8317368942973885,-264.0,13900.0,-0.00877760013618891,-0.01294700711077711,-0.001611210496478558,76.3332,78.5938,76.3332,78.5938,7918.2754,8002.9357,7881.1729,7914.5648,0.002369149376655111,0.029614898890653052,0.04469221780300048,33408.666666666664,0.008929818609941576,33403.666666666664,0.035423035128520075,-0.008180079446814759,-0.009033397086950168,0.0,1.0,-48.0,-48.0,258.0,-516.0
2026-03-13,TX,202603,2026-03-18,32664.0,33518.0,32663.0,33315.0,-197.0,-0.59,84529.0,33304.0,70549.0,position,TX,202603,2026-03-18,33630.0,33840.0,32442.0,32442.0,-1070.0,-3.19,98937.0,0.0,0.0,after_market,0.019930198383541597,0.15450486485650272,349.0,3981.0,-0.0353256021409456,0.7964112921564429,-966.0,12712.0,0.003803030107739392,-0.007737333748098299,0.0015133447520759707,78.5938,95.2977,78.5938,95.2977,7771.4878,7805.2496,7612.8739,7643.1733,-0.00046861214248750116,0.2125345765187585,0.029614898890653052,33084.666666666664,-0.01942490982731171,33610.0,0.003782019937931036,-0.03244855353414855,-0.025827617059349883,0.0,1.0,349.0,349.0,607.0,-167.0
2026-03-16,TX,202603,2026-03-18,33460.0,33723.0,33077.0,33250.0,-54.0,-0.16,107940.0,33264.0,43657.0,position,TX,202603,2026-03-18,33013.0,33663.0,32680.0,32815.0,-489.0,-1.47,105955.0,0.0,0.0,after_market,-0.006276150627615107,0.14822871422888761,-90.0,3771.0,-0.005997637294399172,0.7904136548620437,447.0,12514.0,0.01316298187368527,-0.03547117626065288,-0.0009732082196906292,95.2977,95.2977,91.1698,91.1698,7744.0065,7818.9933,7617.9808,7646.6357,-0.016510931150146013,-0.04331584078104733,0.2125345765187585,32988.0,-0.005244331271977654,33365.0,-0.008777149657839933,-0.01500825453999699,0.004352393816599021,0.0,1.0,-90.0,-90.0,517.0,-257.0
2026-03-17,TX,202603,2026-03-18,33616.0,34017.0,33593.0,33795.0,531.0,1.6,77658.0,33801.0,24545.0,position,TX,202603,2026-03-18,33370.0,33889.0,33100.0,33685.0,421.0,1.27,57485.0,0.0,0.0,after_market,0.005324845311756254,0.15355355954064387,-2.0,3950.0,0.009439616421935915,0.7998532712839796,246.0,12829.0,-0.002256620267224533,0.04026681076415727,0.00043234314474383185,91.1698,91.1698,85.246,85.246,7846.2855,7896.7701,7762.0643,7796.2442,-0.012573698123833021,-0.06497546336615856,0.04527705446321062,32980.666666666664,0.02135594590770351,33453.333333333336,-0.003446725610669832,0.013082706766917251,0.011007518796992466,0.0,1.0,-2.0,-2.0,515.0,-259.0
2026-03-18,TX,202603,2026-03-18,34266.0,34440.0,34100.0,34263.0,462.0,1.37,36612.0,0.0,13354.0,position,TX,202603,2026-03-18,33614.0,34225.0,33502.0,34101.0,300.0,0.89,46685.0,0.0,0.0,after_market,-8.755034144636298e-05,0.1534660091991975,294.0,3947.0,0.014488010947819374,0.814341282231799,652.0,13316.0,-0.042155191930199426,0.018533982061093763,-0.0095002467634668,85.246,85.246,79.2295,79.2295,7828.7677,7866.5859,7763.8645,7836.827,-0.006377705730947425,-0.07057809164066342,0.06949065058771087,33533.666666666664,0.016918320891442518,33769.333333333336,0.010213232363491365,0.00905459387483365,0.013936972924988966,0.0,1.0,294.0,294.0,809.0,35.0
2026-03-19,TX,202604,2026-04-15,33898.0,34083.0,33537.0,33553.0,-1005.0,-2.91,70707.0,33559.0,72389.0,position,TX,202604,2026-04-15,34560.0,34734.0,33613.0,33897.0,-661.0,-1.91,76539.0,0.0,0.0,after_market,-0.010177591598324431,0.14328841760087307,-348.0,3602.0,-0.019184027777777724,0.7951572544540213,-662.0,12653.0,-0.008033486781957259,-0.053975973140453874,4.833713716119913e-05,79.2295,81.2491,79.2295,81.2491,7883.1341,7913.7,7794.2634,7795.1283,0.0010294468183031924,0.025490505430426857,0.07593762424349504,33894.333333333336,7.867588485788168e-05,33870.333333333336,0.014618786275516271,-0.010682076875930258,-0.010652890873537046,0.0,1.0,-348.0,-348.0,461.0,-313.0
2026-03-20,TX,202604,2026-04-15,33809.0,33888.0,33371.0,33559.0,0.0,0.0,78064.0,33559.0,70587.0,position,TX,202604,2026-04-15,33550.0,33809.0,32856.0,33782.0,223.0,0.66,100009.0,0.0,0.0,after_market,-0.007394480759561062,0.135893936841312,-401.0,3352.0,0.006915052160953783,0.8020723066149751,259.0,12885.0,-0.011175400058450436,0.016988586658460578,0.0019500278757804154,81.2491,84.8753,81.2491,84.8753,7561.796,7913.3503,7548.4947,7863.3037,-0.01116380856695054,0.04463064821641094,0.025490505430426857,33926.666666666664,-0.004264099037138869,33791.666666666664,-0.009369064372951819,0.006825023097785543,0.007629720144249452,0.0,0.0,0.0,-401.0,461.0,-714.0
2026-03-23,TX,202604,2026-04-15,32501.0,32890.0,32213.0,32532.0,-1027.0,-3.06,85507.0,32559.0,71403.0,position,TX,202604,2026-04-15,33408.0,33744.0,32550.0,32737.0,-822.0,-2.45,88226.0,0.0,0.0,after_market,0.0009538168056366647,0.13684775364694868,-281.0,3383.0,-0.02008500957854409,0.781987297036431,-907.0,12214.0,-0.008879600046824901,-0.05453865487860116,-0.019571108182315947,84.8753,108.8445,84.8753,108.8445,7862.6592,7880.8097,7572.0801,7670.6084,0.03987249854399666,0.28240489282512105,0.04463064821641094,33472.0,-0.02195865200764824,33214.666666666664,-0.006885326757089971,-0.024494174439047667,-0.03152656515390806,0.0,-1.0,281.0,-281.0,742.0,-995.0
2026-03-24,TX,202604,2026-04-15,33280.0,33393.0,32342.0,32771.0,212.0,0.65,92474.0,32781.0,70222.0,position,TX,202604,2026-04-15,32220.0,33989.0,32100.0,33618.0,1059.0,3.25,117893.0,0.0,0.0,after_market,-0.01529447115384619,0.12155328249310249,-194.0,2874.0,0.04338919925512097,0.825376496291552,1060.0,13612.0,0.006230829832951925,0.003381715149855398,0.006468878654541207,108.8445,108.8445,98.1476,98.1476,7825.8405,7958.0029,7734.4158,7773.1319,-0.024425680309277498,-0.09827689961366903,0.28240489282512105,33379.0,0.007160190538961553,32954.0,-0.020553169282646166,0.03338251567687189,0.022992745604327958,0.0,1.0,-194.0,-194.0,548.0,-1189.0
2026-03-25,TX,202604,2026-04-15,33786.0,33880.0,33444.0,33638.0,857.0,2.61,65796.0,33623.0,71475.0,position,TX,202604,2026-04-15,33086.0,33600.0,32785.0,33459.0,678.0,2.07,85273.0,0.0,0.0,after_market,-0.004380512638370915,0.11717276985473157,-227.0,2726.0,0.011273650486610665,0.8366501467781626,700.0,13985.0,0.012504830422670504,0.0007554743462090894,-0.003165383693174295,98.1476,103.0094,98.1476,103.0094,7732.7808,7924.4077,7709.4762,7872.7095,-0.006735199880447351,0.04953559740635538,0.10898789170596124,33271.333333333336,0.0056404913138436985,32980.333333333336,-0.005553195363233621,0.02099417167617701,0.030972506179243853,0.0,1.0,-227.0,-227.0,321.0,-1416.0
2026-03-26,TX,202604,2026-04-15,33855.0,34024.0,33347.0,33440.0,-183.0,-0.54,68947.0,33441.0,71761.0,position,TX,202604,2026-04-15,33559.0,33930.0,33456.0,33800.0,177.0,0.53,72885.0,0.0,0.0,after_market,-0.012258159799143353,0.10491461005558822,-381.0,2311.0,0.00718138204356511,0.8438315288217277,296.0,14226.0,-0.015897698682069524,0.028353122170613393,-0.0006042881085448342,103.0094,103.0094,97.5937,97.5937,7935.7285,8025.6545,7896.2381,7967.7449,0.018095521342076593,-0.05257481356070415,0.04953559740635538,33625.666666666664,0.005184531657364877,33283.0,0.019941177065119442,0.004815981925203605,0.0064510375170938605,0.0,1.0,-381.0,-381.0,-60.0,-1797.0
2026-03-27,TX,202604,2026-04-15,32793.0,33243.0,32652.0,33120.0,-321.0,-0.96,64049.0,33126.0,70976.0,position,TX,202604,2026-04-15,33474.0,33542.0,32632.0,32807.0,-634.0,-1.9,68139.0,0.0,0.0,after_market,0.009971640289086148,0.11488625034467437,256.0,2638.0,-0.019925912648622757,0.823905616173105,-681.0,13559.0,-0.004976132879233224,-0.03508604447968122,-0.006759599149431514,97.5937,115.0172,97.5937,115.0172,7823.7646,7831.7546,7582.8619,7585.8707,0.004034462620539525,0.17853099124226257,0.05549231149141809,33355.333333333336,-0.016439150160893923,33399.333333333336,0.004717122855511846,-0.0189294258373206,-0.019348086124401864,0.0,-1.0,-256.0,256.0,-316.0,-1541.0
2026-03-30,TX,202604,2026-04-15,32048.0,32712.0,32027.0,32468.0,-658.0,-1.99,70743.0,32480.0,70619.0,position,TX,202604,2026-04-15,33049.0,33060.0,32244.0,32244.0,-882.0,-2.66,71462.0,0.0,0.0,after_market,0.013105341987019514,0.12799159233169388,601.0,3058.0,-0.02435777179339771,0.7995478443797073,-1001.0,12754.0,-0.016604631139979675,0.005583882271118415,-0.007405768849686395,115.0172,115.0172,111.9456,111.9456,7545.4191,7611.5961,7427.1003,7457.6682,-0.030406576905445237,-0.026705570992860195,0.17853099124226257,32950.333333333336,-0.021436303122882028,33009.333333333336,-0.008363440388031718,-0.02644927536231889,-0.03236714975845412,0.0,1.0,601.0,601.0,285.0,-940.0
2026-03-31,TX,202604,2026-04-15,32000.0,32451.0,31806.0,31979.0,-501.0,-1.54,93371.0,31954.0,71514.0,position,TX,202604,2026-04-15,32649.0,32858.0,31902.0,32031.0,-449.0,-1.38,66958.0,0.0,0.0,after_market,-0.0006562500000000249,0.12733534233169386,-57.0,3037.0,-0.01892860424515297,0.7806192401345543,-649.0,12136.0,-0.009759787279916029,-0.020534694813581007,-0.01238208189790554,111.9456,111.9456,108.3286,108.3286,7517.4696,7546.6834,7084.1313,7142.3342,-0.01162969198092656,-0.032310336449132504,0.027438327187491174,32360.666666666668,-0.010187264374446392,32522.333333333332,-0.01639940218927982,-0.013459406184550993,-0.014414192435628914,0.0,1.0,-57.0,-57.0,228.0,-997.0
2026-04-01,TX,202604,2026-04-15,33049.0,33411.0,32906.0,33402.0,1448.0,4.53,65125.0,33389.0,74778.0,position,TX,202604,2026-04-15,31943.0,33200.0,31740.0,33084.0,1130.0,3.54,86828.0,0.0,0.0,after_market,0.01068110986716686,0.13801645219886072,552.0,3390.0,0.03571987602917703,0.8163391161637313,1106.0,13277.0,0.00788277429313564,0.05737378361467068,0.007562810883355406,108.3286,108.3286,96.0536,96.0536,7277.8777,7591.3251,7274.1448,7588.1963,-0.04990181802664029,-0.11331264319856427,0.033389151156758334,32453.0,0.019443502911903332,32616.333333333332,-0.016706468375577765,0.03455392601394669,0.03345945776916093,0.0,1.0,552.0,552.0,780.0,-445.0
2026-04-02,TX,202604,2026-04-15,33676.0,33687.0,32486.0,32487.0,-902.0,-2.7,85468.0,32505.0,71237.0,position,TX,202604,2026-04-15,33601.0,33880.0,33317.0,33567.0,178.0,0.53,70566.0,0.0,0.0,after_market,-0.03530704359187553,0.10270940860698519,-1100.0,2201.0,-0.001011874646587918,0.8153272415171434,75.0,13243.0,-0.015034718830776263,-0.010012282488741052,-0.007965928311709357,96.0536,96.0536,90.1939,90.1939,7680.6065,7893.7474,7677.5359,7802.3106,0.04263861152819315,-0.06100448083153576,0.12779323211207072,32894.0,0.020459658296345884,32622.666666666668,0.02408813580108138,0.0049398239626370355,0.008203101610682051,0.0,1.0,-1100.0,-1100.0,-320.0,-1545.0
2026-04-07,TX,202604,2026-04-15,33192.0,33377.0,32955.0,33159.0,654.0,2.01,51955.0,33177.0,71552.0,position,TX,202604,2026-04-15,32576.0,33131.0,32192.0,32877.0,372.0,1.14,69057.0,0.0,0.0,after_market,-0.0009942154736081177,0.10171519313337707,39.0,2168.0,0.009239931237720933,0.8245671727548644,616.0,13544.0,0.03017663414974417,0.012400821931650626,0.0009408166220533852,90.1939,90.1939,84.4145,84.4145,7917.8625,7963.6473,7821.7812,7916.1047,0.03823141917587036,-0.06407750413276281,,,,,,,,0.0,1.0,39.0,39.0,-281.0,-1506.0
2026-04-08,TX,202604,2026-04-15,34651.0,35060.0,34473.0,34996.0,1819.0,5.48,74154.0,35016.0,74508.0,position,TX,202604,2026-04-15,33231.0,33596.0,32824.0,33495.0,318.0,0.96,79836.0,0.0,0.0,after_market,0.00995642261406604,0.11167161574744311,349.0,2513.0,0.00794438927507457,0.8325115620299389,1420.0,13808.0,0.03713992291362398,0.06895632108499564,0.0032174654137367637,81.6779,83.1452,81.6779,83.1452,7915.1708,8006.3407,7790.0678,8003.8675,-0.0002220043603939903,0.01796446774464089,0.06846454104448885,,,,,0.010132995566814351,0.0449953255526403,0.0,1.0,349.0,349.0,68.0,-1157.0
2026-04-09,TX,202604,2026-04-15,35032.0,35100.0,34745.0,34932.0,-84.0,-0.24,53298.0,34924.0,72691.0,position,TX,202604,2026-04-15,35000.0,35348.0,34935.0,35208.0,192.0,0.55,57379.0,0.0,0.0,after_market,-0.002854532998401438,0.10881708274904167,-110.0,2413.0,0.00594285714285725,0.8384544191727962,32.0,14016.0,-0.0016192094506816308,-0.005708810730967304,-0.007120952816523937,83.1452,83.1452,78.7357,78.7357,8497.9287,8526.3883,8320.9193,8510.9174,0.011205911058798756,-0.05303372894646963,0.01796446774464089,33860.0,0.03981098641464853,34362.333333333336,,0.00605783518116354,0.001028688993027771,0.0,1.0,-110.0,-110.0,-42.0,-1267.0
2026-04-10,TX,202604,2026-04-15,35249.0,35580.0,35215.0,35567.0,643.0,1.84,55415.0,35569.0,71146.0,position,TX,202604,2026-04-15,34922.0,35289.0,34765.0,35222.0,298.0,0.85,47030.0,0.0,0.0,after_market,0.009021532525745446,0.11783861527478712,272.0,2731.0,0.008590573277590163,0.8470449924503863,327.0,14316.0,0.015399636329747923,0.011619684022495478,-0.007603611106189202,78.7357,78.7357,74.0129,74.0129,8561.1818,8699.4985,8543.5631,8689.5328,0.001528454810405755,-0.05998295563511846,0.05600382037627161,34641.666666666664,0.01675246572047162,35165.0,0.016578230038705177,0.00830184358181607,0.009074773846329931,0.0,1.0,272.0,272.0,230.0,-995.0
2026-04-13,TX,202604,2026-04-15,35280.0,35652.0,35225.0,35457.0,-112.0,-0.31,83511.0,35460.0,38421.0,position,TX,202604,2026-04-15,35521.0,35748.0,35475.0,35589.0,20.0,0.06,38073.0,0.0,0.0,after_market,0.005017006802721102,0.12285562207750822,220.0,2908.0,0.001914360519129632,0.848959352969516,-241.0,14384.0,0.00713463561542111,-0.028649454266360855,0.0005054074726721726,74.0129,74.0129,72.1541,72.1541,8812.2198,8962.9539,8795.5833,8889.828,0.014992205865783648,-0.02511454084355569,0.06381049789969029,35339.666666666664,0.007055339137324479,35318.666666666664,0.011431821413337095,0.000618550903927817,-0.008069277701239885,0.0,1.0,220.0,220.0,450.0,-775.0
2026-04-14,TX,202604,2026-04-15,36060.0,36430.0,35990.0,36381.0,921.0,2.6,71746.0,36377.0,16844.0,position,TX,202604,2026-04-15,35500.0,36037.0,35455.0,36027.0,567.0,1.6,33269.0,0.0,0.0,after_market,0.008901830282861845,0.13175745236037006,321.0,3229.0,0.014845070422535134,0.8638044233920511,560.0,14911.0,-0.02942178607429456,0.06636404693482457,0.0011696930479191093,72.1541,74.4185,72.1541,74.4185,8873.3065,9044.7885,8837.9623,9039.5245,0.008806884276763016,0.031382832022019524,0.02576152983683544,35612.666666666664,0.01163443718527124,35801.666666666664,0.0039167201479859415,0.01607581013622128,0.01700651493358163,0.0,1.0,321.0,321.0,771.0,-454.0
2026-04-15,TX,202604,2026-04-15,36725.0,37073.0,36618.0,36643.0,266.0,0.73,30496.0,0.0,8760.0,position,TX,202604,2026-04-15,36381.0,36738.0,36357.0,36725.0,348.0,0.96,27131.0,0.0,0.0,after_market,-0.002232811436351234,0.12952464092401883,294.0,3147.0,0.009455485005909647,0.8732599083979607,344.0,15255.0,-0.027311560734297705,0.030447139041549675,0.005072083879423329,74.4185,74.4185,74.3509,74.3509,9133.2896,9225.462,9042.15,9224.1211,0.018732363183893153,-0.0009083762774041437,0.031382832022019524,36113.666666666664,0.01692803278537225,36160.333333333336,0.01618174200456224,0.009455485005909647,0.009455485005909647,0.0,1.0,294.0,294.0,1065.0,-160.0
2026-04-16,TX,202605,2026-05-20,37321.0,37666.0,37086.0,37645.0,660.0,1.78,56683.0,37649.0,77142.0,position,TX,202605,2026-05-20,37019.0,37294.0,37001.0,37226.0,241.0,0.65,35783.0,0.0,0.0,after_market,0.008681439404088831,0.13820608032810766,229.0,3471.0,0.005591723169183327,0.8788516315671441,302.0,15462.0,-0.042738427030286595,0.025992447906369856,-0.0006638784831729889,74.3509,74.3509,67.941,67.941,9189.2256,9249.9555,9035.1111,9239.2855,0.009945102364869784,-0.08621146482423203,0.0009092021750913837,36659.333333333336,0.015457636981941691,36889.666666666664,0.013347959550520372,0.015910269355674966,0.018502851840733525,0.0,1.0,229.0,229.0,1294.0,69.0
2026-04-17,TX,202605,2026-05-20,37145.0,37388.0,37033.0,37083.0,-566.0,-1.5,51355.0,37078.0,78627.0,position,TX,202605,2026-05-20,37550.0,37564.0,36927.0,37143.0,-506.0,-1.34,60989.0,0.0,0.0,after_market,-0.0016691344730112023,0.13653694585509646,-90.0,3409.0,-0.01083888149134482,0.8680127500757993,-405.0,15055.0,-0.010080585721717777,-0.05597140515504632,-0.00022292177197331945,67.941,67.941,65.893,65.893,9215.9275,9356.1632,9144.9762,9329.3453,0.005447673414395338,-0.030143801239310597,0.09434509353703935,37031.333333333336,0.0030154643815147875,37123.666666666664,0.020475471902700937,-0.013335104263514364,-0.013281976358082037,0.0,1.0,-90.0,-90.0,1204.0,-21.0
2026-04-20,TX,202605,2026-05-20,37324.0,37704.0,37209.0,37254.0,176.0,0.47,52704.0,37240.0,79491.0,position,TX,202605,2026-05-20,37055.0,37993.0,37042.0,37742.0,664.0,1.79,52411.0,0.0,0.0,after_market,-0.0018754688672167896,0.13466147698787967,-10.0,3339.0,0.018540008096073368,0.8865527581718726,269.0,15742.0,-0.007884446170702995,-0.009673795517329997,-0.00036941181919331484,65.893,65.893,65.6953,65.6953,9477.8886,9556.4233,9419.128,9555.8828,0.012306715737510077,-0.0030003186984960406,0.031080691423975182,37370.333333333336,0.009945500441526534,37327.333333333336,-0.0010954377710534757,0.01777094625569675,0.0064989348218860155,0.0,1.0,-10.0,-10.0,1194.0,-31.0
2026-04-21,TX,202605,2026-05-20,37707.0,38159.0,37647.0,38048.0,808.0,2.17,63284.0,38048.0,82127.0,position,TX,202605,2026-05-20,37314.0,37692.0,37218.0,37621.0,381.0,1.02,43889.0,0.0,0.0,after_market,0.009043413689765911,0.14370489067764558,403.0,3680.0,0.008227474942380963,0.8947802331142536,393.0,16049.0,0.006485130006009462,0.021363682741968492,0.00635395874916833,65.6953,67.9035,65.6953,67.9035,9604.8961,9612.0848,9462.9402,9599.2133,0.008229069077684503,0.03361275464150393,0.0030093477006725156,37502.0,0.0031731640979146825,37461.666666666664,-0.0019646014538051704,0.009851291136522278,0.012159768078595645,0.0,1.0,403.0,403.0,1597.0,372.0
2026-04-22,TX,202605,2026-05-20,38150.0,38369.0,37925.0,38206.0,158.0,0.42,54740.0,38216.0,81421.0,position,TX,202605,2026-05-20,38110.0,38126.0,37542.0,37904.0,-144.0,-0.38,56956.0,0.0,0.0,after_market,0.0014678899082569696,0.14517278058590255,81.0,3736.0,-0.00540540540540535,0.8893748277088482,40.0,15843.0,-0.005408401631230946,0.027230325924458718,0.004450262970084596,67.9035,70.7772,67.9035,70.7772,9676.7778,9721.403,9569.7026,9647.2143,-0.0005916565823133046,0.04232035167553949,0.03361275464150393,37755.666666666664,0.00392877007424941,37836.0,0.015651554922810007,-0.003784693019344032,0.002680824222035305,0.0,1.0,81.0,81.0,1678.0,453.0
2026-04-23,TX,202605,2026-05-20,38686.0,39087.0,37408.0,37875.0,-341.0,-0.89,111647.0,37851.0,78250.0,position,TX,202605,2026-05-20,38231.0,38750.0,38023.0,38746.0,530.0,1.39,38492.0,0.0,0.0,after_market,-0.020963656102983008,0.12420912448291954,-766.0,2925.0,0.013470743637362448,0.9028455713462107,455.0,16358.0,0.010658859865024042,-0.03327286403256493,0.015030414438945315,70.7772,70.7772,69.8789,69.8789,9817.1021,9914.0799,9698.9473,9909.2664,-0.0030550975346359532,-0.012691940342369978,0.04232035167553949,38090.333333333336,0.017213466233777508,38043.0,0.00977904641082561,0.014133905669266644,0.012563471706014795,0.0,1.0,-766.0,-766.0,912.0,-313.0
2026-04-24,TX,202605,2026-05-20,38299.0,39244.0,38268.0,39224.0,1373.0,3.63,87114.0,39222.0,79817.0,position,TX,202605,2026-05-20,37920.0,38434.0,37643.0,38047.0,196.0,0.52,66531.0,0.0,0.0,after_market,0.024152066633593483,0.14836119111651302,948.0,3850.0,0.0033491561181435703,0.9061947274643543,379.0,16485.0,0.024752366467806465,0.011043190183707061,0.0013545766244006843,69.8789,69.8789,67.6962,67.6962,9984.7254,10206.1828,9923.4276,10078.5723,0.009388137055231338,-0.031235465927483053,0.012855096459732263,38232.333333333336,-0.004847554861940662,38435.0,-0.004416055516126449,0.004541254125412619,0.011194719471947279,0.0,1.0,948.0,948.0,1860.0,635.0
2026-04-27,TX,202605,2026-05-20,39999.0,40458.0,39837.0,39888.0,666.0,1.7,80194.0,39921.0,79918.0,position,TX,202605,2026-05-20,39247.0,39875.0,39130.0,39766.0,544.0,1.39,57240.0,0.0,0.0,after_market,-0.0027750693767344403,0.14558612173977858,-137.0,3739.0,0.0132239406833643,0.9194186681477186,752.0,17004.0,-0.03752779672822917,0.02721188170231265,-0.006505557289616893,67.6962,67.6962,66.9665,66.9665,10463.814,10564.0141,10270.9595,10513.6638,0.009399046667823319,-0.01077903929614965,0.032242577869954214,38853.0,0.023498828919259696,38995.666666666664,0.020528164433459173,0.013818070569039387,0.019758311238017523,0.0,1.0,-137.0,-137.0,1723.0,498.0
2026-04-28,TX,202605,2026-05-20,39820.0,40347.0,39661.0,39749.0,-172.0,-0.43,63337.0,39733.0,79804.0,position,TX,202605,2026-05-20,39862.0,40050.0,39485.0,39719.0,-202.0,-0.51,42663.0,0.0,0.0,after_market,-0.0017830236062280624,0.14380309813355052,-185.0,3668.0,-0.0035873764487481807,0.9158312916989704,-42.0,16861.0,-0.030664300341296927,0.03156916397409659,-0.010414768990030127,66.9665,68.4218,66.9665,68.4218,10533.3211,10536.8576,10251.7321,10408.038,0.00476401816775418,0.021731761403089633,0.010896493022630738,39177.333333333336,0.013826021849368653,39620.333333333336,0.022882884423055527,-0.004236863217007669,-0.0017047733654231845,0.0,-1.0,185.0,-185.0,1908.0,313.0
2026-04-29,TX,202605,2026-05-20,39698.0,39790.0,39123.0,39490.0,-243.0,-0.61,59705.0,39479.0,79818.0,position,TX,202605,2026-05-20,39635.0,39854.0,39182.0,39461.0,-272.0,-0.68,55589.0,0.0,0.0,after_market,-0.005239558667943012,0.1385635394656075,-218.0,3460.0,-0.004390059291030646,0.9114412324079397,63.0,16687.0,-0.003753521653494228,-0.038984515577338265,-0.020155762853604133,68.4218,68.6787,68.4218,68.6787,9979.1713,10184.9883,9865.3749,10035.5781,-0.011893979003450128,0.0037546512953474664,0.021731761403089633,39648.666666666664,-0.004733240293914864,39709.0,0.0032474907665256403,-0.0072454652947243625,-0.001283051145940739,0.0,-1.0,218.0,-218.0,2126.0,95.0
2026-04-30,TX,202605,2026-05-20,39698.0,39937.0,39265.0,39360.0,-119.0,-0.3,70719.0,39342.0,79725.0,position,TX,202605,2026-05-20,39480.0,39649.0,39166.0,39337.0,-142.0,-0.36,48696.0,0.0,0.0,after_market,-0.008514282835407339,0.13004925663020017,-320.0,3122.0,-0.0036220871327253823,0.9078191452752143,218.0,16544.0,0.007353810832434689,0.03479148025740162,-0.004001908482958086,68.6787,74.3273,68.6787,74.3273,10192.3313,10272.9499,10113.2115,10271.2983,0.005652453325458051,0.08224675190415631,0.0037546512953474664,39505.666666666664,-0.004269429702068006,39533.0,-0.005515122516306148,-0.0038743985819195137,0.0052671562420865126,0.0,-1.0,320.0,-320.0,2446.0,-225.0
2026-05-04,TX,202605,2026-05-20,40440.0,41074.0,40167.0,41031.0,1689.0,4.29,63214.0,41056.0,82619.0,position,TX,202605,2026-05-20,39378.0,40234.0,39376.0,40103.0,761.0,1.93,56389.0,0.0,0.0,after_market,0.014614243323442189,0.14466349995364236,555.0,3713.0,0.018411295647315695,0.92623044092253,1062.0,17269.0,0.003196601733459195,0.03881032330729112,0.006596193966911228,74.3273,74.3273,72.0683,72.0683,10388.8177,10624.2118,10364.396,10595.341,0.011153492608083182,-0.03039260137257782,,,,,,,,0.0,1.0,555.0,555.0,3001.0,330.0
2026-05-05,TX,202605,2026-05-20,40936.0,41097.0,40798.0,41035.0,-21.0,-0.05,41739.0,41034.0,83828.0,position,TX,202605,2026-05-20,40995.0,41185.0,40541.0,40788.0,-268.0,-0.65,58129.0,0.0,0.0,after_market,0.002418409224154816,0.14708190917779718,141.0,3812.0,-0.005049396267837514,0.9211810446546925,-59.0,17062.0,-0.02870186777882239,-0.030582292998611278,-0.006485694553949822,70.4133,77.863,70.4133,77.863,10656.071,10690.4711,10430.2095,10534.6578,0.01987938434996317,0.10579961456145348,0.03134526553283479,,,,,-0.0059223513928493565,-0.0023153225609904293,0.0,-1.0,-141.0,141.0,2860.0,471.0
2026-05-06,TX,202605,2026-05-20,41650.0,42005.0,41038.0,41503.0,469.0,1.14,83758.0,41514.0,84612.0,position,TX,202605,2026-05-20,41077.0,41569.0,40961.0,41555.0,521.0,1.27,45799.0,0.0,0.0,after_market,-0.003529411764705892,0.14355249741309128,-205.0,3665.0,0.011636682328310277,0.9328177269830028,573.0,17540.0,-0.004593080307682568,0.010348245166952935,0.007688775423809007,77.863,77.863,76.7767,76.7767,10759.2107,11058.157,10718.4859,10980.5778,-0.01139380546544777,-0.013951427507288394,0.10579961456145348,40815.333333333336,0.018122274308674857,41189.666666666664,,0.012672109175094537,0.01498720604362136,0.0,1.0,-205.0,-205.0,2655.0,266.0
2026-05-07,TX,202605,2026-05-20,42329.0,42468.0,42005.0,42340.0,826.0,1.99,59558.0,42352.0,86565.0,position,TX,202605,2026-05-20,41445.0,42327.0,41410.0,42320.0,806.0,1.94,56177.0,0.0,0.0,after_market,0.0002598691204611647,0.14381236653355245,93.0,3676.0,0.021112317529255575,0.9539300445122584,884.0,18415.0,-0.01918926491635934,0.030280979242691852,-0.004662084552058965,76.7767,76.7767,70.6343,70.6343,11243.8246,11477.3844,11062.9527,11472.7547,0.020574659812173657,-0.08000343854320402,0.014148823796802823,41554.333333333336,0.018425675621475346,41626.0,0.007607085919607792,0.019685323952485456,0.019902175746331574,0.0,1.0,93.0,93.0,2748.0,359.0
2026-05-08,TX,202605,2026-05-20,42120.0,42343.0,41539.0,41937.0,-415.0,-0.98,66370.0,41931.0,89587.0,position,TX,202605,2026-05-20,42422.0,42554.0,41751.0,41941.0,-411.0,-0.97,54697.0,0.0,0.0,after_market,-0.004344729344729292,0.13946763718882316,-126.0,3493.0,-0.011338456461270074,0.9425915880509883,-302.0,17934.0,-0.01877747003507467,-0.014501497940518469,-0.009553692306686113,70.6343,72.2378,70.6343,72.2378,11332.186,11404.3715,11075.1313,11160.9932,0.020360518608588007,0.02270143542160108,0.08696058430535891,41938.666666666664,5.563680295028739e-05,41926.666666666664,0.017152741075289413,-0.009423712801133632,-0.0051960321209257865,0.0,-1.0,126.0,-126.0,2874.0,233.0
2026-05-11,TX,202605,2026-05-20,42230.0,42258.0,41802.0,41945.0,14.0,0.03,46800.0,41969.0,89581.0,position,TX,202605,2026-05-20,41994.0,42300.0,41668.0,42292.0,361.0,0.86,41908.0,0.0,0.0,after_market,-0.006748756807956391,0.13271888038086677,-261.0,3208.0,0.007096251845501778,0.9496878398964901,236.0,18232.0,-0.0013469974901430361,-0.010996419432383477,0.004150556689220635,72.2378,72.2378,67.2527,67.2527,11408.0056,11776.7357,11388.4205,11775.4998,-0.015106776397775246,-0.0690095767036093,0.02270143542160108,42184.333333333336,0.0025522903447567913,42074.0,0.00024646207664180686,0.008465078570236262,0.00698667048191326,0.0,1.0,-261.0,-261.0,2613.0,-28.0
2026-05-12,TX,202605,2026-05-20,42200.0,42363.0,41607.0,41695.0,-274.0,-0.65,72568.0,41704.0,87671.0,position,TX,202605,2026-05-20,41969.0,42367.0,41751.0,42278.0,309.0,0.74,46025.0,0.0,0.0,after_market,-0.01196682464454979,0.12075205573631698,-600.0,2703.0,0.00736257714027011,0.9570504170367602,231.0,18541.0,-0.0203799019250064,0.04634439091031386,0.00042105176887843486,67.2527,70.735,67.2527,70.735,11875.2858,12108.6674,11822.4901,12081.0416,0.032213711395793876,0.051779333766525326,0.07412490502240043,42170.333333333336,0.0025531376718228582,41859.0,-0.003066026524694565,0.007938967695792165,0.00607938967695798,0.0,1.0,-600.0,-600.0,2013.0,-628.0
2026-05-13,TX,202605,2026-05-20,41238.0,41604.0,40984.0,41469.0,-235.0,-0.56,73412.0,41448.0,86783.0,position,TX,202605,2026-05-20,41600.0,41700.0,40740.0,41136.0,-568.0,-1.36,73828.0,0.0,0.0,after_market,0.00560162956496435,0.12635368530128133,261.0,2934.0,-0.01115384615384618,0.945896570882914,-362.0,18077.0,0.0021298573193343586,-0.02532179700605346,-0.005101292245533081,70.735,71.6779,70.735,71.6779,11741.4719,11919.0027,11263.5789,11717.2581,0.01732638720998203,0.013330034636318544,0.051779333766525326,41902.0,-0.01828075032218035,41703.0,-0.003917914904799424,-0.01340688331934281,-0.010960546828156836,0.0,-1.0,-261.0,261.0,1752.0,-367.0
2026-05-14,TX,202605,2026-05-20,41948.0,42238.0,41497.0,41602.0,154.0,0.37,73073.0,41636.0,83666.0,position,TX,202605,2026-05-20,41499.0,41835.0,41204.0,41756.0,308.0,0.74,52114.0,0.0,0.0,after_market,-0.00824830742824445,0.11810537787303688,-194.0,2588.0,0.0061929203113328946,0.9520894911942469,449.0,18334.0,-0.009616318405757211,0.007824517726469263,-0.0003987907634913488,71.6779,71.6779,70.236,70.236,11988.7531,12106.5547,11739.1651,12017.9826,-0.0020622457053277587,-0.02011638175783592,0.013330034636318544,41723.333333333336,0.0007829352081170082,41588.666666666664,-0.0056111071145961144,0.006920832429043289,0.011550796980877243,0.0,1.0,-194.0,-194.0,1558.0,-561.0
2026-05-15,TX,202605,2026-05-20,42282.0,42454.0,40976.0,41012.0,-624.0,-1.5,100977.0,40998.0,75507.0,position,TX,202605,2026-05-20,41754.0,42377.0,41713.0,42359.0,723.0,1.74,52326.0,0.0,0.0,after_market,-0.030036422118159045,0.08806895575487783,-1128.0,1318.0,0.014489629736073262,0.9665791209303202,528.0,18939.0,-0.021406427807274375,-0.00425722457112328,0.001758358321604145,70.236,70.236,69.6277,69.6277,11950.142,12141.5404,11892.4064,12073.7792,0.0024380767337679465,-0.008660800728970908,0.020529358163904332,41750.333333333336,0.01457872591835585,41361.0,0.00032060016350610177,0.018196240565357513,0.016345368011153383,0.0,1.0,-1128.0,-1128.0,430.0,-1689.0
2026-05-18,TX,202605,2026-05-20,40200.0,40990.0,40169.0,40807.0,-191.0,-0.47,99781.0,40797.0,42895.0,position,TX,202605,2026-05-20,41154.0,41223.0,40448.0,40511.0,-487.0,-1.19,71082.0,0.0,0.0,after_market,0.0150995024875622,0.10316845824244003,762.0,1925.0,-0.015624240657044264,0.9509548802732759,-954.0,18296.0,0.007620916466337247,-0.0482558729667576,-0.0040905747133160855,69.6277,79.8711,69.6277,79.8711,11672.5425,11810.6663,11522.2707,11588.4632,0.010346086264079624,0.14711673658615743,0.008736465515879477,41542.0,-0.024818256222618018,41140.333333333336,-0.00843790043761028,-0.012215936798985694,-0.019799083195162437,0.0,-1.0,-762.0,762.0,-332.0,-927.0
2026-05-19,TX,202605,2026-05-20,40890.0,40931.0,40188.0,40248.0,-549.0,-1.35,86112.0,40240.0,17052.0,position,TX,202605,2026-05-20,40962.0,41450.0,40524.0,40878.0,81.0,0.2,65991.0,0.0,0.0,after_market,-0.015700660308143766,0.08746779793429627,-541.0,1283.0,-0.0020506811190860175,0.9489041991541899,-72.0,18212.0,-0.002241077168371639,-0.021836335472083777,-0.0003978432706904675,79.8711,86.0733,79.8711,86.0733,11825.8803,11825.8803,11097.7583,11302.5162,-0.007203169318081293,0.07765261778039867,0.14711673658615743,41249.333333333336,-0.009002165691566755,40689.0,-0.008102348870937748,0.0017398975665938732,0.0020339647609479705,0.0,0.0,-0.0,-541.0,-332.0,-1468.0
2026-05-20,TX,202605,2026-05-20,40051.0,40405.0,39881.0,40078.0,-162.0,-0.4,35358.0,0.0,10497.0,position,TX,202605,2026-05-20,40349.0,40545.0,39735.0,40140.0,-100.0,-0.25,54823.0,0.0,0.0,after_market,0.0006741404708996424,0.08814193840519591,219.0,1310.0,-0.005179806190983682,0.9437243929632062,-298.0,18003.0,-0.0144054262501383,-0.010337668654189109,0.0023631980449786995,86.0733,86.0733,85.3218,85.3218,11053.9942,11513.9922,10895.7478,11305.4955,-0.04425582592781707,-0.008730930497610867,0.07765261778039867,40509.666666666664,-0.009125393938895221,40377.666666666664,-0.010838310108383098,-0.0026833631484793896,-0.00489465315046711,0.0,1.0,219.0,219.0,-113.0,-1249.0
2026-05-21,TX,202606,2026-06-17,40967.0,41666.0,40957.0,41473.0,1349.0,3.36,54092.0,41503.0,81626.0,position,TX,202606,2026-06-17,40270.0,41098.0,40221.0,40990.0,866.0,2.16,49228.0,0.0,0.0,after_market,0.012351404789220588,0.1004933431944165,346.0,1816.0,0.01787931462627257,0.9616037075894788,697.0,18723.0,0.013822379216861023,-0.060395179968548,0.004596812210662606,85.3218,85.3218,81.5348,81.5348,11580.082,11818.392,11528.1315,11813.2862,0.02275207453971717,-0.04438490514733617,0.008807831058416538,40669.333333333336,0.007884728870237945,40599.666666666664,-0.007421594445774393,0.02275562652826979,0.022181745596087543,0.0,1.0,346.0,346.0,233.0,-903.0
2026-05-22,TX,202606,2026-06-17,42196.0,42502.0,41790.0,42442.0,939.0,2.26,57547.0,42455.0,82109.0,position,TX,202606,2026-06-17,41313.0,41970.0,41205.0,41791.0,288.0,0.69,61852.0,0.0,0.0,after_market,0.0058299364868708015,0.1063232796812873,216.0,2062.0,0.011570207924866294,0.9731739155143451,883.0,19201.0,0.011517480119788173,0.010254520850767754,0.003761187526159174,81.5348,81.5348,79.7179,79.7179,11826.0876,12003.0087,11739.8106,11964.0851,0.020138389348192787,-0.022283736514960517,0.04644642533004295,40973.666666666664,0.01994777133280734,41331.0,0.02151084984277385,0.0076676391869408,0.01743302871747887,0.0,1.0,216.0,216.0,449.0,-687.0
2026-05-25,TX,202606,2026-06-17,43195.0,44050.0,43004.0,43877.0,1422.0,3.35,58040.0,43870.0,86161.0,position,TX,202606,2026-06-17,42412.0,42817.0,42330.0,42634.0,179.0,0.42,41417.0,0.0,0.0,after_market,0.015788864451904194,0.12211214413319149,675.0,2744.0,0.005234367631802295,0.9784082831461474,783.0,19423.0,0.0005918593122944413,-0.01591732399384952,0.008583277584912431,79.7179,79.7179,78.4304,78.4304,,,,,0.011668905615074276,-0.016150701410849955,0.022791618946309544,41805.0,0.019830163855998117,42597.333333333336,0.026880549708451218,0.004523820743603135,0.017741859478818123,0.0,1.0,675.0,675.0,1124.0,-12.0
2026-05-26,TX,202606,2026-06-17,44274.0,44280.0,43619.0,43893.0,23.0,0.05,57331.0,43864.0,87668.0,position,TX,202606,2026-06-17,43870.0,44399.0,43806.0,44389.0,519.0,1.18,24420.0,0.0,0.0,after_market,-0.008605502100555662,0.11350664203263583,-327.0,2363.0,0.011830408023706385,0.9902386911698537,404.0,19942.0,-0.04402244696754214,0.0239625342596361,-0.017034515552875135,,,,,12070.1666,12304.5232,12069.0407,12202.5432,0.011668905615074276,,0.016415828556274104,42938.0,0.03379291070846335,43404.0,0.030041004131714066,0.011668983750028561,0.009048020603049434,0.0,-1.0,327.0,-327.0,1451.0,-339.0
2026-05-27,TX,202606,2026-06-17,44490.0,45299.0,44336.0,44798.0,934.0,2.13,83854.0,44794.0,88791.0,position,TX,202606,2026-06-17,43947.0,44500.0,43787.0,44438.0,574.0,1.31,42235.0,0.0,0.0,after_market,0.006922904023376031,0.12042954605601186,172.0,2671.0,0.011172548751905653,1.0014112399217594,543.0,20433.0,-0.02647719643595553,0.07612257041836211,0.0039401368123068645,78.4304,78.4304,74.9506,74.9506,12616.6306,12932.8062,12548.2403,12876.9065,0.010967255414684907,-0.04436800016320219,,43820.333333333336,0.01409543514806666,44189.333333333336,0.01126624274260446,0.012416558448955506,0.013601257603718109,0.0,1.0,172.0,172.0,1623.0,-167.0
2026-05-28,TX,202606,2026-06-17,45174.0,45348.0,43458.0,43842.0,-952.0,-2.13,98081.0,43839.0,92824.0,position,TX,202606,2026-06-17,44662.0,45632.0,44606.0,45239.0,445.0,0.99,78853.0,0.0,0.0,after_market,-0.029485987514942247,0.09094355854106961,-1210.0,1339.0,0.012919260221217144,1.0143305001429765,512.0,21010.0,-0.0341533509160918,-0.04473146377527254,-0.000657690031542277,74.9506,74.9506,70.8964,70.8964,13029.7869,13037.907,12452.3598,12702.1886,0.02062958869541598,-0.05409162835254144,0.04642791385259115,44688.666666666664,0.012314830009100053,44177.666666666664,0.013774063122321989,0.009844189472744347,0.008393231840707172,0.0,1.0,-1210.0,-1210.0,413.0,-1377.0
2026-05-29,TX,202606,2026-06-17,44655.0,45471.0,44655.0,45285.0,1446.0,3.3,66493.0,45315.0,91961.0,position,TX,202606,2026-06-17,43964.0,44894.0,43946.0,44789.0,950.0,2.17,60558.0,0.0,0.0,after_market,0.014108162579778316,0.10505172112084793,708.0,1969.0,0.018765353471021706,1.0330958536139982,691.0,21835.0,0.018002461561070597,0.04248868005250762,0.00861152151010205,70.8964,70.8964,69.7379,69.7379,12748.5914,12961.1896,12528.6882,12829.1434,-0.02514226076866999,-0.01634074508719774,0.05718485000648821,44822.0,-0.0007362455936816836,44641.666666666664,-0.007598107641115792,0.021600291957483586,0.018543862050089066,0.0,1.0,708.0,708.0,1121.0,-669.0
2026-06-01,TX,202606,2026-06-17,45483.0,46465.0,45405.0,46035.0,720.0,1.59,75635.0,46041.0,94962.0,position,TX,202606,2026-06-17,45363.0,45592.0,44858.0,45069.0,-246.0,-0.54,54773.0,0.0,0.0,after_market,0.012136402611964803,0.11718812373281273,597.0,2521.0,-0.006481052840420554,1.0266148007735776,120.0,21541.0,-0.0010771477829195973,0.014067213394979693,0.0030041581718438038,69.7379,70.2228,69.7379,70.2228,12973.7673,13115.2765,12737.1912,12829.3823,0.0063185019797560305,0.0069531775404767515,0.0166122008262366,45032.333333333336,0.0008142297756426053,45054.0,0.014411050961359084,-0.0047697913216296906,0.004372308711493966,0.0,1.0,597.0,597.0,1718.0,-72.0
2026-06-02,TX,202606,2026-06-17,46145.0,46228.0,45333.0,46087.0,46.0,0.1,73548.0,46103.0,96365.0,position,TX,202606,2026-06-17,46080.0,46746.0,45745.0,46546.0,505.0,1.1,60755.0,0.0,0.0,after_market,-0.0012569075739516933,0.11593121615886104,100.0,2463.0,0.010112847222222276,1.0367276479957999,65.0,22007.0,-0.007319624014491324,-0.028969604421792684,-0.000552195520694288,70.2228,73.3327,70.2228,73.3327,12706.6174,13088.0088,12631.0248,12965.6495,-0.011128995661884633,0.04428618625289782,0.0069531775404767515,45468.0,0.02370898214128614,45802.333333333336,0.021773871354374696,0.011100249809927298,0.002389486260454099,0.0,1.0,100.0,100.0,1818.0,28.0
2026-06-03,TX,202606,2026-06-17,46718.0,46994.0,46550.0,46868.0,765.0,1.66,56092.0,46857.0,96784.0,position,TX,202606,2026-06-17,46245.0,46784.0,46178.0,46686.0,583.0,1.26,43443.0,0.0,0.0,after_market,0.0032107538850121298,0.11914197004387317,72.0,2613.0,0.00953616607200769,1.0462638140678076,473.0,22448.0,0.002816208571604255,0.07190881554395642,0.0038938763033163856,73.3327,73.4328,73.3327,73.4328,13242.7042,13733.7243,13202.178,13726.2696,0.02038560632194697,0.0013650117887380464,0.04428618625289782,46100.333333333336,0.012704174228675091,46330.0,0.006215112767180564,0.012997157549851313,0.013691496517456159,0.0,1.0,72.0,72.0,1890.0,100.0
2026-06-04,TX,202606,2026-06-17,46505.0,46587.0,46140.0,46294.0,-563.0,-1.2,59484.0,46310.0,98581.0,position,TX,202606,2026-06-17,46790.0,46989.0,46337.0,46537.0,-320.0,-0.68,52774.0,0.0,0.0,after_market,-0.004537146543382442,0.11460482350049073,-133.0,2402.0,-0.005407138277409684,1.0408566757903979,-285.0,22195.0,-0.01745360864186509,-0.06324582283391861,-0.007343056042381191,73.4328,73.5773,73.4328,73.5773,13971.1484,13998.1402,13554.3698,13916.9574,0.036515608345310646,0.001967785512740905,0.0013650117887380464,46589.666666666664,-0.0011304366490423323,46416.333333333336,0.011612346211957725,-0.007062387983272189,-0.007745156610053816,0.0,-1.0,133.0,-133.0,2023.0,-33.0
2026-06-05,TX,202606,2026-06-17,45668.0,45785.0,44655.0,45211.0,-1099.0,-2.37,97457.0,45226.0,96005.0,position,TX,202606,2026-06-17,46372.0,46550.0,45476.0,46342.0,32.0,0.07,73586.0,0.0,0.0,after_market,-0.010007007094683384,0.10459781640580734,-567.0,1945.0,-0.0006469421202449643,1.040209733670153,-704.0,22165.0,0.0027019435042059826,-0.03216286924233465,0.005099546605605906,73.5773,73.5773,71.1647,71.1647,13243.6547,13819.6218,13041.2746,13617.495,-0.0038787792133108123,-0.032790004525852345,0.001967785512740905,46521.666666666664,-0.0038619997850463106,46124.333333333336,-0.00263556650317065,0.0010368514278307206,-0.01352227070462697,0.0,1.0,-567.0,-567.0,1456.0,-600.0
2026-06-08,TX,202606,2026-06-17,42344.0,43655.0,42225.0,43080.0,-2146.0,-4.75,108149.0,43083.0,91436.0,position,TX,202606,2026-06-17,45101.0,45311.0,40779.0,42220.0,-3006.0,-6.65,107378.0,0.0,0.0,after_market,0.017381447194407817,0.12197926360021516,944.0,2681.0,-0.06387884969291147,0.9763308839772415,-2757.0,19284.0,-0.007652985249256506,-0.0129609961957102,-0.044506145889596595,71.1647,75.1985,71.1647,75.1985,13062.5533,13111.4374,12217.3164,12220.7599,0.028227880329740218,0.056682596849280564,0.033901639436406006,45033.0,-0.06246530322208155,44861.666666666664,-0.01980155088059088,-0.0661564663466856,-0.06341377098493728,0.0,-1.0,-944.0,944.0,512.0,344.0
2026-06-09,TX,202606,2026-06-17,43661.0,44750.0,43552.0,44665.0,1582.0,3.67,73328.0,44677.0,86704.0,position,TX,202606,2026-06-17,43288.0,44288.0,43215.0,43999.0,916.0,2.13,73636.0,0.0,0.0,after_market,0.022995350541673343,0.1449746141418885,1039.0,3685.0,0.01642487525411207,0.9927557592313536,373.0,19995.0,0.0015870078959283845,0.07676452956548563,0.0034214834341446043,75.1985,76.9802,75.1985,76.9802,12838.8826,13129.0221,12676.7354,12906.6927,-0.06444325092246705,0.023693291754489865,0.056682596849280564,44187.0,-0.004254645031344095,44318.666666666664,-0.0397146784559943,0.021332404828226625,0.013486536675951788,0.0,0.0,0.0,1039.0,512.0,1383.0
2026-06-10,TX,202606,2026-06-17,43839.0,44481.0,43126.0,43422.0,-1255.0,-2.81,94590.0,43367.0,82895.0,position,TX,202606,2026-06-17,44700.0,45073.0,42334.0,43878.0,-799.0,-1.79,121791.0,0.0,0.0,after_market,-0.009512078286457282,0.13546253585543122,-251.0,3268.0,-0.018389261744966467,0.9743664974863872,-861.0,19173.0,-0.02328084415016393,0.016252721661276705,-0.0009731827103327328,76.9802,77.0328,76.9802,77.0328,13142.9862,13264.123,11794.1543,12657.8095,0.005281620068712023,0.0006832925869248996,0.023693291754489865,43365.666666666664,0.01181426166629529,43722.333333333336,0.007814615361473098,-0.01762006045001674,-0.01849322735922987,0.0,1.0,-251.0,-251.0,261.0,1132.0
2026-06-11,TX,202606,2026-06-17,42643.0,43509.0,42050.0,43241.0,-126.0,-0.29,103003.0,43219.0,77902.0,position,TX,202606,2026-06-17,43588.0,43973.0,42460.0,42615.0,-752.0,-1.73,117269.0,0.0,0.0,after_market,0.01402340360668819,0.1494859394621194,732.0,3866.0,-0.02232265761218688,0.9520438398742003,-945.0,18200.0,0.0023341616894272466,-0.033758236219569616,-0.007794979852364696,77.0328,77.0328,73.9463,73.9463,12501.8378,12870.5257,12157.6561,12206.4616,-0.03691525598649714,-0.04006734793490563,0.0006832925869248996,43497.333333333336,-0.020284768414921994,43776.0,-0.0068691057964275215,-0.018585049053475244,-0.017940214637741203,0.0,1.0,732.0,732.0,993.0,1864.0
2026-06-12,TX,202606,2026-06-17,44929.0,44931.0,44045.0,44188.0,969.0,2.24,80412.0,44217.0,71366.0,position,TX,202606,2026-06-17,43375.0,44596.0,43000.0,44382.0,1163.0,2.69,88271.0,0.0,0.0,after_market,-0.016492688464020966,0.13299325099809844,-976.0,3125.0,0.02321613832853031,0.9752599782027306,1554.0,19207.0,-0.017301224208984604,0.06450406021936093,0.021601781093928636,73.9463,73.9463,69.4452,69.4452,12506.646,13194.2798,12475.2308,13171.4389,-0.023626622319479984,-0.060869847443347336,0.0417397489800031,43625.0,0.01735243553008603,43617.0,-0.012221308479532178,0.02638699382530474,0.03903702504567419,0.0,1.0,-976.0,-976.0,17.0,888.0
2026-06-15,TX,202606,2026-06-17,45750.0,45905.0,45340.0,45580.0,1363.0,3.08,93560.0,45597.0,44213.0,position,TX,202606,2026-06-17,43953.0,44808.0,43712.0,44704.0,487.0,1.1,67536.0,0.0,0.0,after_market,-0.003715846994535532,0.1292774040035629,-203.0,2955.0,0.01708643323550163,0.9923464114382322,1797.0,19958.0,-0.004287924908312609,0.035203661106074445,0.0019497066550777315,69.4452,69.4452,69.3565,69.3565,13053.9279,13513.4442,12986.0618,13371.4697,0.053155170458970336,-0.0012772661033448873,0.06481513481133327,43900.333333333336,0.01830661878041928,44336.333333333336,0.013091225898159031,0.011677378473793798,0.03534896351950745,0.0,1.0,-203.0,-203.0,-186.0,685.0
2026-06-16,TX,202606,2026-06-17,46124.0,46198.0,45463.0,45772.0,175.0,0.38,78609.0,45764.0,21508.0,position,TX,202606,2026-06-17,45547.0,46263.0,45546.0,46246.0,649.0,1.42,35755.0,0.0,0.0,after_market,-0.007631601769144014,0.1216458022344189,-289.0,2603.0,0.015346784640042133,1.0076931960782742,577.0,20657.0,0.004420056483437991,0.025131387576121374,-0.0047073334575945935,69.3565,69.3774,69.3565,69.3774,13901.2421,14134.5957,13860.3153,14099.6231,0.02432538332006562,0.0003013416190262852,0.0012788995984516216,45110.666666666664,0.025167735642715794,45180.0,0.028050733409017425,0.014611671785871083,0.011935059236507284,0.0,-1.0,289.0,-289.0,103.0,396.0
2026-06-17,TX,202606,2026-06-17,45345.0,45745.0,45113.0,45668.0,-96.0,-0.21,31546.0,0.0,10304.0,position,TX,202606,2026-06-17,45835.0,45933.0,44926.0,45020.0,-744.0,-1.63,43078.0,0.0,0.0,after_market,0.007123166832065264,0.12876896906648416,753.0,2926.0,-0.017781171593760248,0.989912024484514,-490.0,19842.0,0.010996934382332678,-0.04241961709015239,0.0003693407409827589,69.3774,69.3774,67.2765,67.2765,13968.277,14133.5957,13291.7539,13294.2245,0.014270739159344625,-0.03028219564296153,0.0003013416190262852,45323.333333333336,-0.006692652791056908,45673.333333333336,0.01310314298362103,-0.01642925806169715,-0.009328847330245527,0.0,1.0,753.0,753.0,856.0,1149.0
2026-06-18,TX,202607,2026-07-15,46470.0,46778.0,46260.0,46769.0,758.0,1.65,60125.0,46752.0,92786.0,position,TX,202607,2026-07-15,46098.0,46640.0,45712.0,46036.0,25.0,0.05,58875.0,0.0,0.0,after_market,0.006434258661502046,0.1352032277279862,281.0,3225.0,-0.001344960735823686,0.9885670637486903,372.0,19780.0,-0.0017884269792348864,-0.07661101720783454,0.005174759834468955,67.2765,70.6619,67.2765,70.6619,13694.0129,13965.6019,13471.2164,13477.0722,-0.04825595168251606,0.050320691474734947,0.031227843303382352,45767.333333333336,0.00587027137259466,46069.666666666664,-0.00011677127426656941,0.008058158885871913,0.017561531050188206,0.0,1.0,281.0,281.0,1137.0,1430.0
2026-06-22,TX,202607,2026-07-15,47460.0,48476.0,47371.0,48413.0,1661.0,3.55,58587.0,48428.0,97365.0,position,TX,202607,2026-07-15,46751.0,47620.0,46729.0,47565.0,813.0,1.74,40750.0,0.0,0.0,after_market,0.020080067425200188,0.1552832951531864,1071.0,4178.0,0.017411392269684134,1.0059784560183744,709.0,20594.0,0.02427634436450452,0.05625337238363431,0.013259824779145158,70.6619,70.6619,65.3851,65.3851,14084.7571,14461.7873,14062.279,14341.7835,-0.015842010781222493,-0.0746767352703509,0.050320691474734947,46207.0,0.029389486441448343,46950.0,0.015179908689014532,0.017019820821484233,0.01477474395432865,0.0,1.0,1071.0,1071.0,2208.0,2501.0
2026-06-23,TX,202607,2026-07-15,48650.0,48711.0,47404.0,47436.0,-992.0,-2.05,78573.0,47437.0,100889.0,position,TX,202607,2026-07-15,48531.0,49240.0,48488.0,48883.0,455.0,0.94,44537.0,0.0,0.0,after_market,-0.024953751284686576,0.13032954386849982,-1710.0,2964.0,0.007253095959283806,1.0132315519776582,119.0,20946.0,-0.002448021262268412,-0.04937628879248573,0.0158868202149739,65.3851,70.015,65.3851,70.015,14607.0547,14655.2865,14393.8902,14634.7224,0.018248550413411113,0.07080971046920492,0.08070340184537472,47494.666666666664,0.029231352292187207,47539.333333333336,0.031160809371671983,0.009708136244397148,0.004895379340259742,0.0,1.0,-1710.0,-1710.0,498.0,791.0
2026-06-24,TX,202607,2026-07-15,46858.0,47067.0,45898.0,46387.0,-1050.0,-2.21,96199.0,46407.0,104070.0,position,TX,202607,2026-07-15,46940.0,47072.0,46022.0,46207.0,-1230.0,-2.59,73379.0,0.0,0.0,after_market,-0.010051645396730535,0.12027789847176928,-497.0,2493.0,-0.015615679590967213,0.997615872386691,-82.0,20213.0,-0.01947081774079075,-0.02198078716381237,-0.022768783853299845,70.015,70.015,68.7798,68.7798,13586.2868,13857.1584,13374.4415,13482.5083,0.0018941327028780819,-0.01764193387131341,0.07080971046920492,47551.666666666664,-0.02827801338894531,47412.0,-0.002173638671135514,-0.02590859263006995,-0.012184838519268104,0.0,1.0,-497.0,-497.0,1.0,294.0
2026-06-25,TX,202607,2026-07-15,46993.0,46997.0,46091.0,46544.0,137.0,0.3,70863.0,46527.0,101138.0,position,TX,202607,2026-07-15,46361.0,46914.0,45063.0,46910.0,503.0,1.08,84895.0,0.0,0.0,after_market,-0.009554614517055748,0.11072328395471354,-563.0,2044.0,0.01184184983067671,1.0094577222173677,632.0,20762.0,0.009385365204899285,-0.0022877319222821594,-0.0062657476163519915,68.7798,69.0627,68.7798,69.0627,13484.1657,13597.3788,13115.8341,13458.1946,-0.0076384741119994715,0.004113126237645481,0.017958761147895297,47333.333333333336,-0.008943661971831052,46789.0,-0.021618999409432238,0.0112747105870179,0.013064005001401258,0.0,-1.0,563.0,-563.0,564.0,-269.0
2026-06-26,TX,202607,2026-07-15,45709.0,45922.0,44264.0,44373.0,-2154.0,-4.63,102163.0,44452.0,101073.0,position,TX,202607,2026-07-15,46430.0,46884.0,45311.0,45805.0,-722.0,-1.55,93096.0,0.0,0.0,after_market,-0.029228379531383353,0.08149490442333018,-809.0,708.0,-0.013461124273099312,0.9959965979442684,-721.0,20137.0,-0.023425154899922897,0.0007624575865638893,-0.010698964087627322,69.0627,69.0627,67.103,67.103,14156.4346,14194.6764,13379.9435,13940.8704,-0.0019260442639027486,-0.028375664432465197,0.004113126237645481,46307.333333333336,-0.010847813881170731,45768.0,-0.005236273483083642,-0.015877449295290447,-0.01794001375042975,0.0,1.0,-809.0,-809.0,-245.0,-1078.0
2026-06-29,TX,202607,2026-07-15,44799.0,45637.0,44373.0,45550.0,1098.0,2.47,73327.0,45556.0,100919.0,position,TX,202607,2026-07-15,44900.0,45371.0,44135.0,44995.0,543.0,1.22,68847.0,0.0,0.0,after_market,0.01676376704837157,0.09825867147170175,781.0,1459.0,0.0021158129175946616,0.9981124108618631,-101.0,20232.0,0.006598364836702275,0.011500668086574637,-0.004939589902857582,67.103,67.103,66.787,66.787,13419.1435,13519.5546,13159.2355,13203.5697,-0.015227294590122287,-0.004709178427193872,0.0292043574802916,45903.333333333336,-0.019787960206230526,45489.0,-0.030479811221814423,0.0140175331845942,0.009600432695558103,0.0,1.0,781.0,781.0,536.0,-297.0
2026-06-30,TX,202607,2026-07-15,46100.0,46883.0,45922.0,46730.0,1174.0,2.58,65773.0,46779.0,104145.0,position,TX,202607,2026-07-15,45580.0,46475.0,45038.0,46361.0,805.0,1.77,58478.0,0.0,0.0,after_market,0.013665943600867703,0.11192461507256946,584.0,2089.0,0.017134708205353233,1.0152471190672163,520.0,21013.0,0.003836604761759359,-0.03737774770058094,0.005605435912461718,66.787,68.1411,66.787,68.1411,13241.974,13733.3544,12782.53,13709.66,-0.016064646748877864,0.020274903798643162,0.004731459715213937,45720.333333333336,0.014012729565984428,45551.0,0.0013409835344808663,0.017804610318331582,0.01207464324917673,0.0,1.0,584.0,584.0,1120.0,287.0
2026-07-01,TX,202607,2026-07-15,47516.0,47695.0,46895.0,47231.0,452.0,0.97,58097.0,47221.0,105030.0,position,TX,202607,2026-07-15,46684.0,47520.0,46365.0,47428.0,649.0,1.39,39982.0,0.0,0.0,after_market,-0.005997979627914818,0.10592663544465464,-346.0,1804.0,0.015936937708850962,1.0311840567760673,832.0,21757.0,0.0024835484801825993,0.05294848791892009,0.020035909486596174,68.1411,71.9589,68.1411,71.9589,13787.918,14332.7651,13750.6743,14246.9609,0.035318450255226175,0.05602785983789538,0.020274903798643162,46261.333333333336,0.02521904542310338,46503.666666666664,0.0258830761124893,0.014936871388829376,0.016820029959340843,0.0,1.0,-346.0,-346.0,774.0,-59.0
2026-07-02,TX,202607,2026-07-15,46200.0,46987.0,45780.0,46599.0,-622.0,-1.32,66083.0,46606.0,104510.0,position,TX,202607,2026-07-15,47170.0,47548.0,46138.0,46354.0,-867.0,-1.84,58217.0,0.0,0.0,after_market,0.008636363636363553,0.11456299908101819,100.0,2203.0,-0.01729913080347678,1.0138849259725906,-970.0,20941.0,-0.016968327162041528,-0.0462292390665068,-0.01922094966179733,71.9589,71.9589,68.5617,68.5617,13718.0822,13844.415,13322.6301,13353.279,0.03329312663449269,-0.04721028253628112,0.05602785983789538,46714.333333333336,-0.007713549731345859,46853.333333333336,0.015640343772175713,-0.01856831318413754,-0.021828883572230118,0.0,1.0,100.0,100.0,874.0,41.0
2026-07-03,TX,202607,2026-07-15,45700.0,47084.0,45608.0,46966.0,360.0,0.77,58841.0,47000.0,103141.0,position,TX,202607,2026-07-15,46300.0,47223.0,45271.0,45668.0,-938.0,-2.01,86249.0,0.0,0.0,after_market,0.02770240700218829,0.14226540608320648,1330.0,3469.0,-0.013650107991360683,1.00023481798123,-600.0,20309.0,0.001488486802761445,0.044921791000759805,-0.004943801660037627,68.5617,68.5617,65.3975,65.3975,,,,,-0.026592871706221488,-0.04615113102504764,0.04954952983954586,46483.333333333336,-0.017540337038365106,46932.0,-0.00542828685258967,-0.019978969505783373,-0.019292259490547026,0.0,1.0,1330.0,1330.0,2204.0,1371.0
2026-07-06,TX,202607,2026-07-15,47280.0,47547.0,46581.0,46886.0,-114.0,-0.24,59366.0,46874.0,100870.0,position,TX,202607,2026-07-15,47030.0,47472.0,46531.0,47116.0,116.0,0.25,23741.0,0.0,0.0,after_market,-0.008333333333333304,0.13393207274987318,-280.0,3075.0,0.0018286200297681354,1.002063438010998,250.0,20395.0,-0.017267226816180734,0.12258775960301416,-0.0027701538265143297,,,,,13268.2156,13526.7184,12374.4105,12626.2215,-0.026592871706221488,,0.04838411254252861,46379.333333333336,0.015883511334071176,46817.0,0.0007244523992158136,0.0031937997700464127,0.006685687518630523,0.0,1.0,-280.0,-280.0,1924.0,1091.0
2026-07-07,TX,202607,2026-07-15,47000.0,47187.0,45599.0,45775.0,-1099.0,-2.34,86627.0,45695.0,100160.0,position,TX,202607,2026-07-15,47000.0,47500.0,46756.0,47340.0,466.0,0.99,35769.0,0.0,0.0,after_market,-0.026063829787234094,0.10786824296263908,-1035.0,1850.0,0.0072340425531916,1.0092974805641897,0.0,20735.0,-0.009544319870450476,0.008589964144460772,0.0036195904034080277,65.3975,65.7632,65.3975,65.7632,12914.4708,13252.5447,12890.6165,12900.1419,-0.04838586584318094,0.005591956879085647,,46708.0,0.013530872655647785,46542.333333333336,0.001473823611081393,0.0096830610416756,0.0024314294245617596,0.0,1.0,-1035.0,-1035.0,889.0,56.0
2026-07-08,TX,202607,2026-07-15,45606.0,45960.0,45240.0,45564.0,-131.0,-0.29,75442.0,45563.0,96273.0,position,TX,202607,2026-07-15,45965.0,46003.0,44904.0,45207.0,-488.0,-1.07,61514.0,0.0,0.0,after_market,-0.000920931456387275,0.10694731150625181,-148.0,1808.0,-0.016490808223648457,0.9928066723405412,-359.0,19977.0,-0.00506865714854887,0.034956092548897075,-0.018693762285777567,65.7632,70.2506,65.7632,70.2506,12375.8631,12417.5084,11960.8368,12300.5161,-0.0011095228152901981,0.068235730621381,0.005591956879085647,46554.333333333336,-0.028941093918933514,46075.0,-0.016486782642325726,-0.012408519934462015,-0.003691971600218502,0.0,-1.0,148.0,-148.0,1037.0,-92.0
2026-07-09,TX,202607,2026-07-15,46008.0,46158.0,45331.0,45678.0,115.0,0.25,73407.0,45648.0,91340.0,position,TX,202607,2026-07-15,45458.0,45984.0,44575.0,45727.0,164.0,0.36,72702.0,0.0,0.0,after_market,-0.007172665623369823,0.09977464588288198,-208.0,1478.0,0.005917550266179683,0.9987242226067209,550.0,20246.0,-0.018449222870986673,0.03348438341172508,-6.290347515046191e-05,70.2506,72.4093,70.2506,72.4093,12277.279,12615.3729,12215.2201,12574.9671,-0.006088221838846941,0.030728563172414125,0.068235730621381,46091.333333333336,-0.007904595223975686,45672.333333333336,-0.011090613130765092,0.003577385655342047,0.009744535159336376,0.0,0.0,0.0,-208.0,1037.0,-300.0
2026-07-13,TX,202607,2026-07-15,46222.0,46378.0,45251.0,45617.0,-31.0,-0.07,115784.0,45565.0,53129.0,position,TX,202607,2026-07-15,45800.0,46495.0,45701.0,46281.0,633.0,1.39,45509.0,0.0,0.0,after_market,-0.01308900523560208,0.0866856406472799,-688.0,873.0,0.010502183406113641,1.019728589418948,422.0,21208.0,-0.003072984007732189,0.04086645016827138,0.011709768875547045,68.8935,69.5493,68.8935,69.5493,12779.2168,13065.0225,12656.8662,12967.1632,-0.012150221516492588,0.009519040257789158,0.05103239057385678,46096.333333333336,0.004006103160771879,,,,,0.0,1.0,-688.0,-688.0,349.0,-988.0
2026-07-14,TX,202607,2026-07-15,45046.0,45464.0,43852.0,44815.0,-750.0,-1.65,126891.0,44790.0,20062.0,position,TX,202607,2026-07-15,45534.0,45888.0,45032.0,45058.0,-507.0,-1.11,43394.0,0.0,0.0,after_market,-0.005128091284464786,0.08155754936281512,-268.0,642.0,-0.010453726885404357,1.0092748625335437,-488.0,20732.0,-0.00046495793107526143,-0.03782691933285742,-0.005091736464064223,69.5493,77.7746,69.5493,77.7746,12563.6314,12646.7758,12289.0525,12347.7836,0.014707192384434853,0.11826574818150593,0.009519040257789158,45873.333333333336,-0.017773579421595742,,,-0.012254203476773973,-0.012517263300962367,0.0,-1.0,268.0,-268.0,617.0,-1256.0
2026-07-15,TX,202607,2026-07-15,45353.0,45842.0,45033.0,45830.0,1040.0,2.32,30555.0,0.0,10992.0,position,TX,202607,2026-07-15,44778.0,45350.0,44648.0,45015.0,225.0,0.5,35067.0,0.0,0.0,after_market,0.010517496086256628,0.09207504544907175,767.0,1119.0,0.005292777703336471,1.0145676402368802,575.0,20969.0,-0.003224610027556316,0.08465679046173481,0.0038037135376948012,77.7746,77.7746,75.0326,75.0326,12837.379,12846.2897,12489.5442,12661.9306,-0.017180367134935204,-0.035255726162526146,0.11826574818150593,45451.333333333336,-0.009600011734162583,45420.666666666664,,0.004462791476068206,0.01200490907062357,0.0,1.0,767.0,767.0,1384.0,-489.0
2026-07-16,TX,202608,2026-08-19,45519.0,46248.0,45191.0,45700.0,-366.0,-0.79,70808.0,45691.0,106669.0,position,TX,202608,2026-08-19,46120.0,46260.0,45216.0,45817.0,-249.0,-0.54,53394.0,0.0,0.0,after_market,0.003976361519365534,0.09605140696843728,-69.0,1300.0,-0.006569817866435401,1.0079978223704447,-601.0,20666.0,0.010401103012512507,-0.20097225417947376,-0.0006863203868351271,75.0326,75.0326,68.478,68.478,12774.4296,12785.4031,12022.9389,12398.8933,-0.013666995420171135,-0.08735669562296933,0.03654411549113323,45296.666666666664,0.011487232320259055,45448.333333333336,0.009012050314834763,-0.0002836569932358479,-0.006785948068950498,0.0,1.0,-69.0,-69.0,1315.0,-558.0
2026-07-17,TX,202608,2026-08-19,44250.0,44512.0,42527.0,42725.0,-2966.0,-6.49,103520.0,42604.0,110864.0,position,TX,202608,2026-08-19,45450.0,45450.0,44464.0,44715.0,-976.0,-2.14,57782.0,0.0,0.0,after_market,-0.03446327683615824,0.06158813013227904,,-225.0,-0.016171617161716223,0.9918262052087284,-1200.0,19931.0,-0.032388921427225326,-0.09642591075710796,-0.004729291241384374,68.478,68.478,68.1595,68.1595,12114.966,12191.4124,11768.9579,11867.5033,-0.029397500456693537,-0.004651128829697093,0.09571833289523646,45182.333333333336,-0.010343275764126192,44751.666666666664,0.005537423447871115,-0.021553610503282306,-0.03172866520787743,0.0,1.0,,,,
