Pairs,Size1,Size2,EntryTime,EntryPrice1,EntryPrice2,ExitTime,ExitPrice1,ExitPrice2,HoldingPeriod,Profitfee
XECUSDT - ZILUSDT,138888888.8888889,-96432.01542912248,2022-05-12 11:00:00+08:00,3.3e-05,0.05048,2022-05-12 12:00:00+08:00,3e-05,0.04679,0 days 01:00:00,-78.96247187399584
XECUSDT - ZILUSDT,166666666.66666666,-106860.4402650139,2022-05-12 13:00:00+08:00,2.88e-05,0.04459,2022-05-12 14:00:00+08:00,2.84e-05,0.04323,0 days 01:00:00,59.745714896345476
GRTUSDT - XECUSDT,48216.00771456124,-133618385.88989846,2022-08-28 18:00:00+08:00,0.1035,4.586e-05,2022-08-28 19:00:00+08:00,0.1038,5.752e-05,0 days 01:00:00,-1567.3342242943734
GRTUSDT - XECUSDT,48169.55684007707,-86926286.50904034,2022-08-28 20:00:00+08:00,0.1041,5.093e-05,2022-08-28 21:00:00+08:00,0.1031,5.347e-05,0 days 01:00:00,-288.0181610618473
GRTUSDT - XECUSDT,48496.60523763337,-93510379.65214139,2022-08-28 22:00:00+08:00,0.1034,4.933e-05,2022-08-28 23:00:00+08:00,0.1032,4.9e-05,0 days 01:00:00,1.9448299643894522
GRTUSDT - XECUSDT,48449.61240310078,-102040816.32653062,2022-08-29 00:00:00+08:00,0.104,4.603e-05,2022-08-29 01:00:00+08:00,0.1036,4.786e-05,0 days 01:00:00,-225.753290618573
GRTUSDT - XECUSDT,48262.54826254826,-104471374.84329294,2022-08-29 02:00:00+08:00,0.1036,4.689e-05,2022-08-29 03:00:00+08:00,0.1041,4.707e-05,0 days 01:00:00,-14.51383499492583
GRTUSDT - XECUSDT,48030.73967339097,-106224771.61674102,2022-08-29 04:00:00+08:00,0.1035,4.883e-05,2022-08-29 05:00:00+08:00,0.1035,4.747e-05,0 days 01:00:00,124.29388077968376
GRTUSDT - XECUSDT,48309.178743961354,-105329681.90436065,2022-08-29 06:00:00+08:00,0.1028,4.869e-05,2022-08-29 07:00:00+08:00,0.1016,4.861e-05,0 days 01:00:00,-69.66761412496446
GRTUSDT - XECUSDT,49212.598425196855,-102859493.93128987,2022-08-29 08:00:00+08:00,0.099,4.626e-05,2022-08-29 09:00:00+08:00,0.0992,4.709e-05,0 days 01:00:00,-94.88673104429125
GRTUSDT - XECUSDT,50403.22580645161,-106179655.97791463,2022-08-29 10:00:00+08:00,0.0995,5.189e-05,2022-08-29 11:00:00+08:00,0.1007,5.008e-05,0 days 01:00:00,231.75118296124728
GRTUSDT - XECUSDT,49652.43296921549,-99840255.5910543,2022-08-29 12:00:00+08:00,0.1014,4.988e-05,2022-08-29 13:00:00+08:00,0.1007,4.988e-05,0 days 01:00:00,-54.75152367929318
GRTUSDT - XECUSDT,49652.43296921549,-100240577.38572575,2022-08-29 14:00:00+08:00,0.1001,4.84e-05,2022-08-29 15:00:00+08:00,0.1011,4.677e-05,0 days 01:00:00,193.51460884474247
GRTUSDT - XECUSDT,49455.98417408507,-106906136.41223006,2022-08-29 16:00:00+08:00,0.1016,4.988e-05,2022-08-29 17:00:00+08:00,0.1012,5.161e-05,0 days 01:00:00,-225.6095870377742
GRTUSDT - XECUSDT,49407.11462450593,-96880449.5252858,2022-08-29 18:00:00+08:00,0.1018,4.826e-05,2022-08-29 19:00:00+08:00,0.1016,4.652e-05,0 days 01:00:00,139.45882312846473
GRTUSDT - XECUSDT,49212.598425196855,-107480653.48237316,2022-08-29 20:00:00+08:00,0.1012,4.646e-05,2022-08-29 21:00:00+08:00,0.1027,4.6e-05,0 days 01:00:00,103.28788819980903
GRTUSDT - XECUSDT,48685.49172346641,-108695652.17391305,2022-08-29 22:00:00+08:00,0.1036,4.653e-05,2022-08-29 23:00:00+08:00,0.1039,4.565e-05,0 days 01:00:00,90.13601668007306
GRTUSDT - XECUSDT,48123.19538017324,-109529025.1916758,2022-08-30 00:00:00+08:00,0.1046,4.805e-05,2022-08-30 01:00:00+08:00,0.1049,4.786e-05,0 days 01:00:00,14.660735162190557
GRTUSDT - XECUSDT,47664.442326024786,-104471374.84329294,2022-08-30 02:00:00+08:00,0.1051,4.799e-05,2022-08-30 03:00:00+08:00,0.1044,4.891e-05,0 days 01:00:00,-149.5877513736635
GRTUSDT - XECUSDT,47892.72030651341,-102228583.11183807,2022-08-30 04:00:00+08:00,0.1042,4.787e-05,2022-08-30 05:00:00+08:00,0.1051,4.819e-05,0 days 01:00:00,-9.45372237380232
GRTUSDT - XECUSDT,47573.73929590866,-103755965.96804316,2022-08-30 06:00:00+08:00,0.1054,4.832e-05,2022-08-30 07:00:00+08:00,0.1051,5.038e-05,0 days 01:00:00,-248.26439764577628
GRTUSDT - XECUSDT,47573.73929590866,-99245732.43350536,2022-08-30 08:00:00+08:00,0.1063,4.986e-05,2022-08-30 09:00:00+08:00,0.1059,4.989e-05,0 days 01:00:00,-42.00177698020295
GRTUSDT - XECUSDT,47214.353163361666,-100220485.06714773,2022-08-30 10:00:00+08:00,0.1049,4.868e-05,2022-08-30 11:00:00+08:00,0.1054,4.861e-05,0 days 01:00:00,10.942981073943875
GRTUSDT - XECUSDT,47438.33017077799,-102859493.93128987,2022-08-30 12:00:00+08:00,0.1059,4.826e-05,2022-08-30 13:00:00+08:00,0.1076,4.851e-05,0 days 01:00:00,34.84849108830849
GRTUSDT - XECUSDT,46468.40148698885,-103071531.6429602,2022-08-30 14:00:00+08:00,0.1068,4.852e-05,2022-08-30 15:00:00+08:00,0.1066,4.79e-05,0 days 01:00:00,34.75615536290009
GRTUSDT - XECUSDT,46904.315196998126,-104384133.61169103,2022-08-30 16:00:00+08:00,0.1066,4.768e-05,2022-08-30 17:00:00+08:00,0.1062,4.719e-05,0 days 01:00:00,12.502338361266826
GRTUSDT - XECUSDT,47080.97928436911,-105954651.40919687,2022-08-30 18:00:00+08:00,0.107,4.682e-05,2022-08-30 19:00:00+08:00,0.1063,4.699e-05,0 days 01:00:00,-70.95095496867418
GRTUSDT - XECUSDT,47036.688617121355,-106405618.21664183,2022-08-30 20:00:00+08:00,0.1061,4.791e-05,2022-08-30 21:00:00+08:00,0.1055,4.692e-05,0 days 01:00:00,57.07614077733567
GRTUSDT - XECUSDT,47393.364928909956,-106564364.87638535,2022-08-30 22:00:00+08:00,0.105,4.658e-05,2022-08-30 23:00:00+08:00,0.1022,4.573e-05,0 days 01:00:00,-61.77857339102944
GRTUSDT - XECUSDT,48923.67906066536,-109337415.26350318,2022-08-31 00:00:00+08:00,0.1026,4.655e-05,2022-08-31 01:00:00+08:00,0.1007,4.585e-05,0 days 01:00:00,-36.46776065419323
GRTUSDT - XECUSDT,49652.43296921549,-109051254.08942202,2022-08-31 02:00:00+08:00,0.1018,4.6e-05,2022-08-31 03:00:00+08:00,0.1016,4.629e-05,0 days 01:00:00,-61.71899538562684
GRTUSDT - XECUSDT,49212.598425196855,-108014689.9978397,2022-08-31 04:00:00+08:00,0.1033,4.587e-05,2022-08-31 05:00:00+08:00,0.1037,4.561e-05,0 days 01:00:00,27.700667054498915
GRTUSDT - XECUSDT,48216.00771456124,-109625082.21881166,2022-08-31 06:00:00+08:00,0.1028,4.563e-05,2022-08-31 07:00:00+08:00,0.1042,4.555e-05,0 days 01:00:00,56.29608878426509
GRTUSDT - XECUSDT,47984.644913627635,-109769484.0834248,2022-08-31 08:00:00+08:00,0.1029,4.57e-05,2022-08-31 09:00:00+08:00,0.1046,4.468e-05,0 days 01:00:00,173.66099032722232
ETHUSDT - STETHUSDT,3.9136186100392147,-3.7735849056603774,2022-12-01 04:00:00+08:00,1287.17,1325.9,2022-12-01 05:00:00+08:00,1295.16,1325.9,0 days 01:00:00,11.156765496120602
ETHUSDT - STETHUSDT,3.8605268847092247,-3.771023455765895,2022-12-01 06:00:00+08:00,1296.96,1325.9,2022-12-01 07:00:00+08:00,1298.84,1325.9,0 days 01:00:00,-12.76336514407532
ETHUSDT - STETHUSDT,-3.8495888639093345,3.771023455765895,2022-12-01 08:00:00+08:00,1295.28,1200.0,2022-12-01 09:00:00+08:00,1290.32,1315.93,0 days 01:00:00,436.8275819823418
ETHUSDT - STETHUSDT,3.8750077500155,-3.7995942033390833,2022-12-01 10:00:00+08:00,1285.55,1315.93,2022-12-01 11:00:00+08:00,1286.99,1315.93,0 days 01:00:00,-14.388601277202344
ETHUSDT - STETHUSDT,3.885034071748809,-3.7995942033390833,2022-12-01 12:00:00+08:00,1288.3,1315.93,2022-12-01 13:00:00+08:00,1283.86,1315.93,0 days 01:00:00,-37.242480516554345
ETHUSDT - STETHUSDT,3.8945056314551434,-3.7995942033390833,2022-12-01 14:00:00+08:00,1282.57,1315.93,2022-12-01 15:00:00+08:00,1284.36,1315.93,0 days 01:00:00,-13.025758260246587
ETHUSDT - STETHUSDT,-3.8929895045002962,3.7995942033390833,2022-12-01 16:00:00+08:00,1279.18,1200.0,2022-12-01 21:00:00+08:00,1288.44,1326.93,0 days 05:00:00,426.6363831263686
ETHUSDT - STETHUSDT,3.9094569764259743,-4.076707325027722,2022-12-01 23:00:00+08:00,1280.18,1325.92,2022-12-02 00:00:00+08:00,1272.09,1330.0,0 days 01:00:00,-69.06587110130985
ETHUSDT - STETHUSDT,-3.917604933048132,4.076208799719557,2022-12-02 09:00:00+08:00,1282.31,1226.51,2022-12-02 10:00:00+08:00,1272.47,1244.61,0 days 01:00:00,92.24719199610121
ETHUSDT - STETHUSDT,-3.876570010854396,3.9826357083117605,2022-12-02 22:00:00+08:00,1276.08,1205.11,2022-12-03 00:00:00+08:00,1278.49,1274.8,0 days 02:00:00,248.42780121405968
ETHUSDT - STETHUSDT,-3.911934529863708,3.904023486605295,2022-12-03 02:00:00+08:00,1279.03,1200.21,2022-12-03 03:00:00+08:00,1281.64,1269.23,0 days 01:00:00,239.58762677120393
ETHUSDT - STETHUSDT,-3.8867857059568873,3.9570110321467578,2022-12-03 05:00:00+08:00,1290.49,1200.04,2022-12-03 06:00:00+08:00,1290.16,1280.68,0 days 01:00:00,300.52933897553567
ETHUSDT - STETHUSDT,-3.91932462198114,3.9539757225890635,2022-12-03 17:00:00+08:00,1268.88,1205.0,2022-12-03 18:00:00+08:00,1273.22,1268.51,0 days 01:00:00,214.36361567111405
ETHUSDT - STETHUSDT,-3.9270510987888976,3.9416323087717084,2022-12-03 19:00:00+08:00,1271.0,1205.0,2022-12-03 21:00:00+08:00,1271.91,1269.18,0 days 02:00:00,229.6618997417322
ETHUSDT - STETHUSDT,4.028197381671702,-4.0649745532592965,2022-12-04 08:00:00+08:00,1240.61,1258.96,2022-12-04 09:00:00+08:00,1251.01,1248.67,0 days 01:00:00,63.49165162331363
ETHUSDT - STETHUSDT,-3.9164081837265403,4.048124099292387,2022-12-05 07:00:00+08:00,1275.09,1206.11,2022-12-05 08:00:00+08:00,1279.14,1266.08,0 days 01:00:00,206.89340989832192
ETHUSDT - STETHUSDT,-3.880420948064446,3.955539733396622,2022-12-05 10:00:00+08:00,1290.82,1206.01,2022-12-05 11:00:00+08:00,1292.59,1267.88,0 days 01:00:00,218.05060975468376
ETHUSDT - STETHUSDT,-3.8595137012736394,3.973962597064036,2022-12-05 20:00:00+08:00,1294.74,1208.39,2022-12-06 16:00:00+08:00,1259.97,1277.0,0 days 20:00:00,387.1120800309497
ETHUSDT - STETHUSDT,3.980955110750171,-4.126570159945859,2022-12-06 19:00:00+08:00,1252.9,1274.01,2022-12-06 20:00:00+08:00,1256.46,1225.07,0 days 01:00:00,195.8242653499914
ETHUSDT - STETHUSDT,3.9752579942438264,-4.081332800039181,2022-12-06 22:00:00+08:00,1254.29,1274.33,2022-12-06 23:00:00+08:00,1251.28,1271.19,0 days 01:00:00,-19.499543012344613
ETHUSDT - STETHUSDT,3.9959081900134263,-3.933322320030837,2022-12-07 00:00:00+08:00,1254.08,1274.22,2022-12-07 01:00:00+08:00,1254.86,1273.97,0 days 01:00:00,-15.948207528713592
ETHUSDT - STETHUSDT,3.9845082319940075,-3.9247392010800883,2022-12-07 02:00:00+08:00,1251.12,1273.3,2022-12-07 03:00:00+08:00,1248.99,1227.91,0 days 01:00:00,149.87860398985387
ETHUSDT - STETHUSDT,4.003234613567763,-4.071959671311415,2022-12-07 04:00:00+08:00,1249.96,1274.23,2022-12-07 05:00:00+08:00,1253.09,1230.0,0 days 01:00:00,172.4154806353916
ETHUSDT - STETHUSDT,3.9901363828615666,-4.065040650406504,2022-12-07 06:00:00+08:00,1255.58,1274.41,2022-12-07 07:00:00+08:00,1252.73,1274.39,0 days 01:00:00,-31.66006247839864
ETHUSDT - STETHUSDT,3.9991681730200117,-4.017322695462836,2022-12-07 16:00:00+08:00,1225.12,1244.6,2022-12-07 17:00:00+08:00,1229.18,1244.61,0 days 01:00:00,-3.6186687183087134
ETHUSDT - STETHUSDT,4.067752485396769,-4.017322695462836,2022-12-07 18:00:00+08:00,1231.04,1273.91,2022-12-07 19:00:00+08:00,1230.21,1274.32,0 days 01:00:00,-25.27215488496026
ETHUSDT - STETHUSDT,4.064346737548874,-3.923661246782598,2022-12-07 20:00:00+08:00,1225.02,1252.14,2022-12-07 21:00:00+08:00,1224.25,1244.61,0 days 01:00:00,6.664538448580407
ETHUSDT - STETHUSDT,4.084133142740454,-4.017322695462836,2022-12-07 22:00:00+08:00,1232.31,1274.41,2022-12-07 23:00:00+08:00,1233.16,1244.7,0 days 01:00:00,102.63678493873125
ETHUSDT - STETHUSDT,-4.0647432301701505,4.075112473104258,2022-12-08 08:00:00+08:00,1231.43,1141.08,2022-12-08 09:00:00+08:00,1227.25,1226.94,0 days 01:00:00,347.2359329191285
ETHUSDT - STETHUSDT,-4.061705428875476,4.098461437576334,2022-12-08 19:00:00+08:00,1233.35,1170.19,2022-12-08 21:00:00+08:00,1239.21,1219.9,0 days 02:00:00,160.09442217615174
ETHUSDT - STETHUSDT,-3.9865414361116867,4.074979625101874,2022-12-09 03:00:00+08:00,1286.78,1227.0,2022-12-09 07:00:00+08:00,1283.52,1251.68,0 days 04:00:00,93.21944427885319
ETHUSDT - STETHUSDT,-3.8955372725006234,3.994631215646171,2022-12-09 08:00:00+08:00,1280.22,1221.33,2022-12-09 09:00:00+08:00,1276.82,1252.45,0 days 01:00:00,117.71486672149561
ETHUSDT - STETHUSDT,-3.9029264142253863,3.992653517527749,2022-12-09 11:00:00+08:00,1280.89,1205.14,2022-12-09 13:00:00+08:00,1283.08,1254.99,0 days 02:00:00,170.656936065248
ETHUSDT - STETHUSDT,-3.90625,4.079900776813108,2022-12-09 18:00:00+08:00,1284.6,1226.13,2022-12-10 02:00:00+08:00,1273.91,1249.0,0 days 08:00:00,114.97267876850123
ETHUSDT - STETHUSDT,-3.9241539524078606,4.003651330012972,2022-12-11 02:00:00+08:00,1267.56,1211.43,2022-12-11 05:00:00+08:00,1273.11,1248.79,0 days 03:00:00,107.97751595603219
ETHUSDT - STETHUSDT,-3.9297363146932844,4.0206500587014915,2022-12-11 19:00:00+08:00,1273.15,1193.72,2022-12-11 20:00:00+08:00,1273.47,1243.45,0 days 01:00:00,178.8828590012339
ETHUSDT - STETHUSDT,-3.9301069775119277,4.022558508113501,2022-12-12 00:00:00+08:00,1273.32,1194.96,2022-12-12 01:00:00+08:00,1273.92,1242.94,0 days 01:00:00,170.82677194845076
ETHUSDT - STETHUSDT,-3.950882627178912,4.021038071188458,2022-12-12 07:00:00+08:00,1262.32,1188.58,2022-12-12 09:00:00+08:00,1254.04,1254.58,0 days 02:00:00,278.3359384697468
ETHUSDT - STETHUSDT,-3.9871136486874423,3.985397503547004,2022-12-12 10:00:00+08:00,1257.07,1180.01,2022-12-12 12:00:00+08:00,1244.04,1224.39,0 days 02:00:00,209.26933247441664
ETHUSDT - STETHUSDT,-4.019163370952703,4.0836661521247315,2022-12-12 13:00:00+08:00,1246.44,1180.38,2022-12-12 14:00:00+08:00,1248.11,1254.76,0 days 01:00:00,277.06078278485154
ETHUSDT - STETHUSDT,-3.933631764863228,3.9968345070704,2022-12-13 12:00:00+08:00,1269.7,1169.15,2022-12-13 15:00:00+08:00,1267.65,1238.23,0 days 03:00:00,264.56237285218555
ETHUSDT - STETHUSDT,-3.8768405300416373,4.0226232330627445,2022-12-13 22:00:00+08:00,1338.24,1188.0,2022-12-14 00:00:00+08:00,1323.93,1368.94,0 days 02:00:00,762.7246209718605
ETHUSDT - STETHUSDT,-3.7766347163369662,3.6524610282408285,2022-12-14 01:00:00+08:00,1321.9,1228.3,2022-12-14 05:00:00+08:00,1318.32,1328.63,0 days 04:00:00,360.66153356018276
ETHUSDT - STETHUSDT,-3.792705868074519,3.7632749523945717,2022-12-14 06:00:00+08:00,1319.98,1217.22,2022-12-14 09:00:00+08:00,1325.35,1339.97,0 days 03:00:00,421.9188022053665
ETHUSDT - STETHUSDT,-3.772588372882635,3.731426822988574,2022-12-14 10:00:00+08:00,1320.96,1240.1,2022-12-14 11:00:00+08:00,1319.78,1337.17,0 days 01:00:00,347.08193655961344
ETHUSDT - STETHUSDT,3.788510206246496,-3.7392403359333515,2022-12-14 12:00:00+08:00,1319.71,1339.37,2022-12-14 13:00:00+08:00,1318.78,1333.45,0 days 01:00:00,-1.377274351853318
ETHUSDT - STETHUSDT,-3.791382944842961,3.749671903708425,2022-12-14 14:00:00+08:00,1321.0,1246.69,2022-12-14 15:00:00+08:00,1321.96,1331.8,0 days 01:00:00,295.80588312267906
ETHUSDT - STETHUSDT,-3.7822627008381495,3.754317465084848,2022-12-14 16:00:00+08:00,1322.66,1238.32,2022-12-14 18:00:00+08:00,1322.0,1332.87,0 days 02:00:00,337.81114730887555
ETHUSDT - STETHUSDT,-3.769459836405443,3.7622838567924273,2022-12-14 21:00:00+08:00,1332.54,1243.2,2022-12-15 09:00:00+08:00,1304.97,1277.99,0 days 12:00:00,215.38644261748206
ETHUSDT - STETHUSDT,-3.831505705111995,3.9123936807017268,2022-12-15 10:00:00+08:00,1286.23,1200.76,2022-12-15 14:00:00+08:00,1290.16,1277.9,0 days 04:00:00,267.17528440403953
ETHUSDT - STETHUSDT,-3.8781335318937704,3.9134041920385703,2022-12-15 16:00:00+08:00,1287.53,1200.63,2022-12-15 18:00:00+08:00,1288.28,1277.42,0 days 02:00:00,277.9147613668528
ETHUSDT - STETHUSDT,-3.8729666924864445,3.913863687955476,2022-12-15 21:00:00+08:00,1286.93,1200.81,2022-12-15 22:00:00+08:00,1275.55,1267.28,0 days 01:00:00,284.64471277912804
ETHUSDT - STETHUSDT,-3.919877699815766,3.945457988763336,2022-12-15 23:00:00+08:00,1270.28,1200.75,2022-12-16 02:00:00+08:00,1270.6,1266.81,0 days 03:00:00,239.6870007091042
ETHUSDT - STETHUSDT,-3.9306940033332287,3.9467037130588527,2022-12-16 04:00:00+08:00,1275.38,1201.25,2022-12-16 05:00:00+08:00,1271.38,1263.13,0 days 01:00:00,240.2080898210982
ETHUSDT - STETHUSDT,-3.9535067604965604,3.9589222230140066,2022-12-16 07:00:00+08:00,1263.76,1177.23,2022-12-16 11:00:00+08:00,1269.97,1262.12,0 days 04:00:00,291.8473149199926
ETHUSDT - STETHUSDT,-3.937100876398655,3.9615884385003013,2022-12-16 12:00:00+08:00,1271.78,1182.31,2022-12-16 14:00:00+08:00,1271.17,1262.12,0 days 02:00:00,298.88032851095033
ETHUSDT - STETHUSDT,4.133256179217987,-4.233664405889874,2022-12-16 20:00:00+08:00,1213.13,1249.14,2022-12-16 21:00:00+08:00,1213.55,1233.67,0 days 01:00:00,46.68928152581525
ETHUSDT - STETHUSDT,4.120143380989658,-4.05294770886866,2022-12-16 22:00:00+08:00,1207.79,1224.83,2022-12-16 23:00:00+08:00,1214.77,1225.43,0 days 01:00:00,6.414761971803312
ETHUSDT - STETHUSDT,4.1160054989833466,-4.080200419444603,2022-12-17 00:00:00+08:00,1203.81,1225.43,2022-12-17 01:00:00+08:00,1189.1,1171.25,0 days 01:00:00,140.89065237561695
ETHUSDT - STETHUSDT,4.240594361705737,-4.197941329571978,2022-12-17 08:00:00+08:00,1167.08,1190.27,2022-12-17 09:00:00+08:00,1172.88,1170.09,0 days 01:00:00,89.47842934937134
ETHUSDT - STETHUSDT,4.275221670243602,-4.273504273504273,2022-12-17 11:00:00+08:00,1173.61,1190.9,2022-12-17 12:00:00+08:00,1175.6,1170.02,0 days 01:00:00,77.60566514519982
ETHUSDT - STETHUSDT,4.246681218627642,-4.347637059258293,2022-12-18 04:00:00+08:00,1176.6,1199.97,2022-12-18 05:00:00+08:00,1177.5,1162.36,0 days 01:00:00,147.06897718450125
ETHUSDT - STETHUSDT,4.23912029775581,-4.304518883924344,2022-12-19 13:00:00+08:00,1182.16,1200.0,2022-12-19 14:00:00+08:00,1178.62,1130.88,0 days 01:00:00,262.4809120100963
ETHUSDT - STETHUSDT,-4.217060540121114,4.269745437777,2022-12-20 11:00:00+08:00,1192.76,1136.13,2022-12-20 12:00:00+08:00,1192.63,1199.98,0 days 01:00:00,253.13753501583156
ETHUSDT - STETHUSDT,-4.137326128869434,4.166770835937565,2022-12-20 14:00:00+08:00,1208.42,1151.1,2022-12-20 16:00:00+08:00,1208.14,1195.22,0 days 02:00:00,165.22170601989146
ETHUSDT - STETHUSDT,-4.138593209396261,4.183330265557805,2022-12-20 17:00:00+08:00,1211.04,1152.01,2022-12-20 18:00:00+08:00,1210.66,1198.98,0 days 01:00:00,178.2062891966016
ETHUSDT - STETHUSDT,-4.138558953772296,4.334708880951555,2022-12-20 20:00:00+08:00,1211.83,1154.35,2022-12-20 21:00:00+08:00,1213.52,1199.71,0 days 01:00:00,169.38661146126324
ETHUSDT - STETHUSDT,-4.127489908287174,4.201786599662176,2022-12-21 16:00:00+08:00,1211.06,1130.01,2022-12-21 17:00:00+08:00,1214.78,1190.56,0 days 01:00:00,219.30074610201876
ETHUSDT - STETHUSDT,-4.115056993539361,4.206417310248515,2022-12-21 19:00:00+08:00,1216.54,1140.72,2022-12-21 20:00:00+08:00,1216.75,1198.21,0 days 01:00:00,221.1111265262748
ETHUSDT - STETHUSDT,-4.109307581672488,4.172891229417214,2022-12-21 21:00:00+08:00,1213.12,1143.01,2022-12-22 10:00:00+08:00,1212.61,1194.48,0 days 13:00:00,197.15229624481626
ETHUSDT - STETHUSDT,-4.1233372642481925,4.185921907440894,2022-12-22 11:00:00+08:00,1214.02,1130.72,2022-12-22 13:00:00+08:00,1211.77,1194.87,0 days 02:00:00,258.0673107759252
ETHUSDT - STETHUSDT,-4.118717925484155,4.296898498663664,2022-12-22 17:00:00+08:00,1215.32,1126.01,2022-12-23 00:00:00+08:00,1186.78,1194.83,0 days 07:00:00,393.39477803090665
ETHUSDT - STETHUSDT,-4.184030392796774,4.186693014921374,2022-12-23 05:00:00+08:00,1217.08,1138.62,2022-12-23 06:00:00+08:00,1215.12,1193.91,0 days 01:00:00,219.74097058543055
ETHUSDT - STETHUSDT,-4.114819935479624,4.187920362506386,2022-12-23 07:00:00+08:00,1215.65,1142.09,2022-12-23 11:00:00+08:00,1224.64,1191.19,0 days 04:00:00,148.82171381532183
ETHUSDT - STETHUSDT,-4.082832505879279,4.197483189079827,2022-12-23 12:00:00+08:00,1223.9,1135.33,2022-12-23 18:00:00+08:00,1218.76,1187.55,0 days 06:00:00,220.45510981490776
ETHUSDT - STETHUSDT,-4.081166234063046,4.2191956525408,2022-12-23 22:00:00+08:00,1221.02,1141.18,2022-12-23 23:00:00+08:00,1215.84,1184.44,0 days 01:00:00,183.905368478761
ETHUSDT - STETHUSDT,-4.098461437576334,4.228615889447066,2022-12-24 05:00:00+08:00,1219.9,1145.52,2022-12-25 02:00:00+08:00,1219.95,1196.15,0 days 21:00:00,193.98824530251466
ETHUSDT - STETHUSDT,-4.091251268287894,4.248088360237893,2022-12-25 04:00:00+08:00,1223.99,1160.5,2022-12-25 05:00:00+08:00,1221.9,1244.5,0 days 01:00:00,345.16673433973955
ETHUSDT - STETHUSDT,4.091987887715852,-4.017677782241864,2022-12-25 06:00:00+08:00,1218.99,1244.49,2022-12-25 07:00:00+08:00,1218.88,1244.04,0 days 01:00:00,-18.616009868907504
ETHUSDT - STETHUSDT,4.092155338216639,-4.239803273128127,2022-12-25 11:00:00+08:00,1220.2,1242.18,2022-12-25 12:00:00+08:00,1221.23,1172.95,0 days 01:00:00,277.5061137106112
ETHUSDT - STETHUSDT,-4.094232863588349,4.26275629822243,2022-12-25 13:00:00+08:00,1219.17,1126.5,2022-12-25 14:00:00+08:00,1218.93,1186.98,0 days 01:00:00,238.95016621822754
ETHUSDT - STETHUSDT,-4.125582738561822,4.225292601512655,2022-12-26 02:00:00+08:00,1209.29,1131.21,2022-12-26 03:00:00+08:00,1209.32,1185.83,0 days 01:00:00,210.89336677574212
ETHUSDT - STETHUSDT,-4.134554956504482,4.216455984415979,2022-12-26 04:00:00+08:00,1209.64,1131.4,2022-12-26 05:00:00+08:00,1206.24,1186.87,0 days 01:00:00,228.18082826435702
ETHUSDT - STETHUSDT,-4.145112083830747,4.212761296519417,2022-12-26 06:00:00+08:00,1218.42,1137.49,2022-12-26 14:00:00+08:00,1219.8,1199.98,0 days 08:00:00,237.58130041099946
ETHUSDT - STETHUSDT,-4.092992796332679,4.198998958648258,2022-12-27 20:00:00+08:00,1219.41,1150.15,2022-12-27 22:00:00+08:00,1217.49,1190.66,0 days 02:00:00,158.1567210860234
ETHUSDT - STETHUSDT,-4.132197254568144,4.211306515733441,2022-12-28 00:00:00+08:00,1211.31,1150.51,2022-12-28 01:00:00+08:00,1210.67,1190.7,0 days 01:00:00,152.0293630759311
ETHUSDT - STETHUSDT,-4.129944576143788,4.199210548416898,2022-12-28 02:00:00+08:00,1207.57,1142.0,2022-12-28 03:00:00+08:00,1206.67,1178.99,0 days 01:00:00,139.3287452201904
ETHUSDT - STETHUSDT,-4.143634962334358,4.2409180739446475,2022-12-28 04:00:00+08:00,1211.55,1136.01,2022-12-28 12:00:00+08:00,1197.84,1164.41,0 days 08:00:00,157.51178323607004
ETHUSDT - STETHUSDT,-4.216384871611081,4.292729832755246,2022-12-29 08:00:00+08:00,1190.31,1122.09,2022-12-29 12:00:00+08:00,1195.05,1168.38,0 days 04:00:00,158.8348349494275
ETHUSDT - STETHUSDT,-4.18301528473785,4.283645896695596,2022-12-29 15:00:00+08:00,1193.97,1120.21,2022-12-29 20:00:00+08:00,1199.1,1168.32,0 days 05:00:00,164.8138351479076
ETHUSDT - STETHUSDT,-4.16479251003715,4.280382152518578,2022-12-29 23:00:00+08:00,1202.29,1144.54,2022-12-30 02:00:00+08:00,1197.74,1234.87,0 days 03:00:00,385.416314692283
ETHUSDT - STETHUSDT,4.164931278633903,-4.344614849893557,2022-12-30 04:00:00+08:00,1198.73,1238.39,2022-12-30 05:00:00+08:00,1196.29,1154.41,0 days 01:00:00,334.327434650415
ETHUSDT - STETHUSDT,4.165625260351579,-4.320662271112917,2022-12-30 09:00:00+08:00,1199.74,1234.2,2022-12-30 10:00:00+08:00,1196.02,1208.23,0 days 01:00:00,76.17871968772036
ETHUSDT - STETHUSDT,4.175400212110331,-4.273504273504273,2022-12-30 13:00:00+08:00,1197.99,1233.06,2022-12-30 14:00:00+08:00,1193.72,1181.54,0 days 01:00:00,182.03683140511924
ETHUSDT - STETHUSDT,4.1885869383104914,-4.231765323222236,2022-12-30 15:00:00+08:00,1193.62,1214.14,2022-12-30 16:00:00+08:00,1187.84,1167.44,0 days 01:00:00,153.3601681824556
ETHUSDT - STETHUSDT,4.19892843346378,-4.278221286717834,2022-12-30 21:00:00+08:00,1192.27,1240.0,2022-12-30 22:00:00+08:00,1190.72,1198.99,0 days 01:00:00,148.50097249267787
ETHUSDT - STETHUSDT,-4.163682694069251,4.27737950621931,2023-01-02 08:00:00+08:00,1200.4,1130.02,2023-01-02 09:00:00+08:00,1198.22,1198.55,0 days 01:00:00,282.2583756538349
ETHUSDT - STETHUSDT,-4.1728564036654365,4.171707479871512,2023-01-02 10:00:00+08:00,1194.87,1134.04,2023-01-02 13:00:00+08:00,1201.83,1198.81,0 days 03:00:00,221.42536016468293
ETHUSDT - STETHUSDT,-4.112653813252615,4.2995958379912285,2023-01-02 18:00:00+08:00,1217.48,1123.09,2023-01-02 19:00:00+08:00,1217.57,1198.4,0 days 01:00:00,303.43643730602867
ETHUSDT - STETHUSDT,-4.106540075724599,4.172229639519359,2023-01-02 20:00:00+08:00,1217.32,1158.58,2023-01-02 21:00:00+08:00,1216.58,1198.07,0 days 01:00:00,147.97279525037635
ETHUSDT - STETHUSDT,-4.101890971737971,4.257855743847399,2023-01-03 01:00:00+08:00,1216.46,1156.46,2023-01-03 03:00:00+08:00,1217.89,1197.22,0 days 02:00:00,147.6774278354053
ETHUSDT - STETHUSDT,-4.099267870758283,4.276355176955577,2023-01-03 07:00:00+08:00,1215.1,1153.15,2023-01-03 08:00:00+08:00,1213.93,1197.89,0 days 01:00:00,176.1091473144415
ETHUSDT - STETHUSDT,-4.1188536406547325,4.174005960480511,2023-01-03 09:00:00+08:00,1215.58,1153.73,2023-01-03 10:00:00+08:00,1214.14,1197.92,0 days 01:00:00,170.55701045144048
ETHUSDT - STETHUSDT,-4.118141235771822,4.173901429143849,2023-01-03 11:00:00+08:00,1214.21,1155.35,2023-01-03 12:00:00+08:00,1215.55,1197.37,0 days 01:00:00,150.0429125772863
ETHUSDT - STETHUSDT,-4.120041530018623,4.177912213708566,2023-01-03 14:00:00+08:00,1217.72,1159.24,2023-01-03 23:00:00+08:00,1210.57,1196.76,0 days 09:00:00,166.36574637555253
ETHUSDT - STETHUSDT,-4.128682785044259,4.19505319327449,2023-01-04 06:00:00+08:00,1211.47,1140.41,2023-01-04 08:00:00+08:00,1214.54,1196.08,0 days 02:00:00,201.04562956060545
ETHUSDT - STETHUSDT,-3.998144860784596,4.178889919681736,2023-01-04 13:00:00+08:00,1250.08,1190.01,2023-01-05 03:00:00+08:00,1261.9,1245.09,0 days 14:00:00,162.69590975078444
ETHUSDT - STETHUSDT,-3.9596746731288555,4.01535471643565,2023-01-07 01:00:00+08:00,1264.36,1184.08,2023-01-07 09:00:00+08:00,1270.72,1239.99,0 days 08:00:00,179.5433582969918
ETHUSDT - STETHUSDT,-3.9347771342231175,4.032290582988573,2023-01-07 10:00:00+08:00,1268.81,1203.59,2023-01-07 14:00:00+08:00,1264.28,1238.86,0 days 04:00:00,140.22761653468785
ETHUSDT - STETHUSDT,-3.9548201347802703,4.0359685517330455,2023-01-07 15:00:00+08:00,1264.87,1195.0,2023-01-07 20:00:00+08:00,1264.01,1248.46,0 days 05:00:00,199.3010308316986
ETHUSDT - STETHUSDT,-3.955852684046046,4.121569823514379,2023-01-08 04:00:00+08:00,1265.1,1199.76,2023-01-08 08:00:00+08:00,1263.88,1249.43,0 days 04:00:00,189.44573349154297
ETHUSDT - STETHUSDT,3.9595806012227186,-3.9961317444713518,2023-01-08 13:00:00+08:00,1262.45,1299.96,2023-01-08 14:00:00+08:00,1263.5,1248.31,0 days 01:00:00,190.37283897308683
ETHUSDT - STETHUSDT,-3.952131779882068,4.08423322605414,2023-01-09 05:00:00+08:00,1270.54,1186.43,2023-01-09 10:00:00+08:00,1293.75,1299.31,0 days 05:00:00,349.01251404476227
ETHUSDT - STETHUSDT,-3.8281321777478334,3.8526737555863773,2023-01-09 12:00:00+08:00,1310.06,1238.87,2023-01-09 14:00:00+08:00,1307.87,1294.99,0 days 02:00:00,204.81174263835445
ETHUSDT - STETHUSDT,-3.738429560510221,3.891020303343943,2023-01-10 02:00:00+08:00,1341.22,1285.2,2023-01-10 05:00:00+08:00,1321.21,1290.0,0 days 03:00:00,73.50941046189968
ETHUSDT - STETHUSDT,3.7676135935498456,-3.8756685528253625,2023-01-10 15:00:00+08:00,1324.96,1342.62,2023-01-10 16:00:00+08:00,1323.21,1291.44,0 days 01:00:00,171.57736794660312
ETHUSDT - STETHUSDT,3.7532747322038476,-3.8460650908055967,2023-01-12 00:00:00+08:00,1323.29,1340.85,2023-01-12 01:00:00+08:00,1325.14,1340.23,0 days 01:00:00,-10.923774981791025
ETHUSDT - STETHUSDT,-3.598779294063454,3.723035912404411,2023-01-12 09:00:00+08:00,1415.28,1350.01,2023-01-13 05:00:00+08:00,1433.44,1442.62,0 days 20:00:00,258.78754753693715
ETHUSDT - STETHUSDT,3.515259742542377,-3.5755660120997153,2023-01-13 08:00:00+08:00,1415.56,1439.59,2023-01-13 09:00:00+08:00,1405.66,1439.99,0 days 01:00:00,-56.44474732398677
ETHUSDT - STETHUSDT,3.5570479347779687,-3.472246335043993,2023-01-13 10:00:00+08:00,1406.45,1439.99,2023-01-13 11:00:00+08:00,1408.73,1439.99,0 days 01:00:00,-11.903660913734571
ETHUSDT - STETHUSDT,3.549296174568583,-3.472246335043993,2023-01-13 12:00:00+08:00,1414.78,1439.99,2023-01-13 13:00:00+08:00,1410.47,1439.98,0 days 01:00:00,-35.29035834377653
ETHUSDT - STETHUSDT,3.5512120286653834,-3.5514138178408823,2023-01-13 17:00:00+08:00,1408.8,1439.99,2023-01-13 18:00:00+08:00,1410.12,1439.99,0 days 01:00:00,-15.550983501112729
ETHUSDT - STETHUSDT,3.5457975207783736,-3.472246335043993,2023-01-13 19:00:00+08:00,1416.4,1439.99,2023-01-13 20:00:00+08:00,1409.61,1439.98,0 days 01:00:00,-44.061667231966965
ETHUSDT - STETHUSDT,3.5606449040050134,-3.57917492859546,2023-01-13 23:00:00+08:00,1409.25,1443.8,2023-01-14 00:00:00+08:00,1421.38,1443.8,0 days 01:00:00,22.776528877145243
ETHUSDT - STETHUSDT,-3.5050086573713837,3.602305475504323,2023-01-14 06:00:00+08:00,1454.66,1391.34,2023-01-14 11:00:00+08:00,1557.69,1549.74,0 days 05:00:00,188.33116393398248
ETHUSDT - STETHUSDT,-3.209881298589578,3.2263476454114883,2023-01-14 12:00:00+08:00,1556.15,1499.06,2023-01-14 13:00:00+08:00,1552.82,1528.46,0 days 01:00:00,85.79626881508963
ETHUSDT - STETHUSDT,-3.233378816195348,3.283554644916401,2023-01-14 15:00:00+08:00,1556.47,1457.74,2023-01-14 19:00:00+08:00,1522.28,1496.49,0 days 04:00:00,218.1318235472168
ETHUSDT - STETHUSDT,-3.2845468639146542,3.3411516281431886,2023-01-14 20:00:00+08:00,1530.03,1462.85,2023-01-15 00:00:00+08:00,1525.03,1496.49,0 days 04:00:00,108.89698368901007
ETHUSDT - STETHUSDT,-3.2696621131172305,3.324202856155094,2023-01-15 03:00:00+08:00,1533.05,1465.39,2023-01-15 04:00:00+08:00,1529.4,1524.99,0 days 01:00:00,190.1029504644158
ETHUSDT - STETHUSDT,-3.26925591735321,3.2787100243280283,2023-01-15 05:00:00+08:00,1534.63,1477.76,2023-01-15 07:00:00+08:00,1551.29,1522.99,0 days 02:00:00,73.90299949127181
ETHUSDT - STETHUSDT,-3.226826545165891,3.283015646852573,2023-01-15 09:00:00+08:00,1527.42,1473.19,2023-01-15 12:00:00+08:00,1525.21,1506.49,0 days 03:00:00,96.82306412582385
ETHUSDT - STETHUSDT,3.275638421928434,-3.350824637943398,2023-01-15 14:00:00+08:00,1528.21,1579.91,2023-01-15 15:00:00+08:00,1525.35,1518.39,0 days 01:00:00,176.39018740415824
ETHUSDT - STETHUSDT,3.2631537728583924,-3.252032520325203,2023-01-15 20:00:00+08:00,1533.38,1579.2,2023-01-15 21:00:00+08:00,1532.02,1579.21,0 days 01:00:00,-24.744533064131495
ETHUSDT - STETHUSDT,3.263792788323455,-3.2831449902490593,2023-01-15 23:00:00+08:00,1539.77,1559.34,2023-01-16 00:00:00+08:00,1556.15,1519.97,0 days 01:00:00,162.50408156969348
ETHUSDT - STETHUSDT,-3.218269472139441,3.3317119002085653,2023-01-16 06:00:00+08:00,1551.52,1492.14,2023-01-16 08:00:00+08:00,1552.2,1526.8,0 days 02:00:00,93.24186557008909
ETHUSDT - STETHUSDT,-3.211180044442732,3.2358689602505857,2023-01-16 10:00:00+08:00,1568.03,1499.27,2023-01-16 15:00:00+08:00,1571.29,1545.94,0 days 05:00:00,120.61473517644714
ETHUSDT - STETHUSDT,-3.1809043947375115,3.2493062731106908,2023-01-17 04:00:00+08:00,1591.11,1517.77,2023-01-17 09:00:00+08:00,1565.98,1560.0,0 days 05:00:00,197.11131252944406
ETHUSDT - STETHUSDT,3.1867837703476143,-3.2051282051282053,2023-01-17 18:00:00+08:00,1565.1,1585.4,2023-01-17 19:00:00+08:00,1561.79,1522.79,0 days 01:00:00,170.19795290366721
ETHUSDT - STETHUSDT,-3.1760147367083786,3.2253486601901664,2023-01-18 02:00:00+08:00,1579.27,1492.42,2023-01-18 11:00:00+08:00,1583.82,1584.61,0 days 09:00:00,262.92351088950807
ETHUSDT - STETHUSDT,-3.1569243979745174,3.1553505278901435,2023-01-18 12:00:00+08:00,1581.9,1526.03,2023-01-18 13:00:00+08:00,1585.19,1583.82,0 days 01:00:00,152.15049520669496
ETHUSDT - STETHUSDT,-3.1541960269746845,3.1569243979745174,2023-01-18 14:00:00+08:00,1587.36,1529.41,2023-01-18 15:00:00+08:00,1581.81,1577.92,0 days 01:00:00,150.84240118308765
ETHUSDT - STETHUSDT,3.286317090163396,-3.2646451983598426,2023-01-19 06:00:00+08:00,1528.52,1555.91,2023-01-19 07:00:00+08:00,1531.63,1546.74,0 days 01:00:00,19.971567951213892
ETHUSDT - STETHUSDT,3.2644959944634144,-3.2326053506083765,2023-01-19 08:00:00+08:00,1511.89,1556.96,2023-01-19 09:00:00+08:00,1516.28,1512.01,0 days 01:00:00,139.8305302471298
ETHUSDT - STETHUSDT,3.2975439892368166,-3.3068564361346815,2023-01-19 10:00:00+08:00,1518.18,1549.53,2023-01-19 11:00:00+08:00,1525.09,1552.69,0 days 01:00:00,-7.9575502419904005
ETHUSDT - STETHUSDT,-3.2780866463862375,3.260047466291109,2023-01-19 13:00:00+08:00,1528.73,1455.52,2023-01-19 22:00:00+08:00,1525.19,1521.91,0 days 09:00:00,208.3214005165832
ETHUSDT - STETHUSDT,3.257668551770869,-3.2669702771044187,2023-01-20 02:00:00+08:00,1529.37,1550.84,2023-01-20 03:00:00+08:00,1539.11,1551.58,0 days 01:00:00,9.180528964358826
ETHUSDT - STETHUSDT,3.2199482232325707,-3.20225438708851,2023-01-20 20:00:00+08:00,1549.84,1585.39,2023-01-20 21:00:00+08:00,1558.22,1538.96,0 days 01:00:00,155.6510815342088
ETHUSDT - STETHUSDT,3.2087895162428923,-3.248947341061496,2023-01-20 22:00:00+08:00,1554.11,1585.39,2023-01-20 23:00:00+08:00,1560.7,1565.61,0 days 01:00:00,65.17789857346489
ETHUSDT - STETHUSDT,-3.1244336963925288,3.137825863215895,2023-01-21 05:00:00+08:00,1641.08,1559.49,2023-01-21 06:00:00+08:00,1636.76,1633.0,0 days 01:00:00,223.90026133597453
ETHUSDT - STETHUSDT,3.0274407227106495,-3.061849357011635,2023-01-21 08:00:00+08:00,1658.68,1698.16,2023-01-21 09:00:00+08:00,1654.31,1664.82,0 days 01:00:00,68.5253226139463
ETHUSDT - STETHUSDT,3.0338149008852673,-3.0303213958872477,2023-01-21 12:00:00+08:00,1648.81,1697.03,2023-01-21 13:00:00+08:00,1650.08,1698.99,0 days 01:00:00,-22.385738717057293
ETHUSDT - STETHUSDT,3.030156113642975,-2.9429249142137386,2023-01-21 14:00:00+08:00,1645.87,1674.3,2023-01-21 15:00:00+08:00,1652.81,1627.92,0 days 01:00:00,137.8084400707486
ETHUSDT - STETHUSDT,3.0251511062977596,-3.0714040001965697,2023-01-21 16:00:00+08:00,1651.11,1691.97,2023-01-21 17:00:00+08:00,1647.31,1638.8,0 days 01:00:00,131.6026172727511
ETHUSDT - STETHUSDT,-3.0211480362537766,3.1081383494542107,2023-01-22 03:00:00+08:00,1661.1,1608.68,2023-01-22 04:00:00+08:00,1663.61,1671.32,0 days 01:00:00,166.87156976499134
ETHUSDT - STETHUSDT,3.005512109208288,-2.9916473206806597,2023-01-22 05:00:00+08:00,1654.3,1685.62,2023-01-22 06:00:00+08:00,1662.49,1659.96,0 days 01:00:00,81.40336647125757
ETHUSDT - STETHUSDT,3.0075368874399246,-3.012120773994554,2023-01-22 07:00:00+08:00,1628.57,1735.5,2023-01-22 08:00:00+08:00,1626.71,1625.34,0 days 01:00:00,306.3075751915851
ETHUSDT - STETHUSDT,-3.075598203850649,3.0864388051778096,2023-01-22 20:00:00+08:00,1624.58,1560.01,2023-01-22 22:00:00+08:00,1632.42,1619.98,0 days 02:00:00,141.14897734230485
ETHUSDT - STETHUSDT,3.095017022593624,-3.116837781060847,2023-01-25 06:00:00+08:00,1599.1,1626.56,2023-01-25 07:00:00+08:00,1562.33,1619.91,0 days 01:00:00,-112.98020469353206
ETHUSDT - STETHUSDT,3.20034819788393,-3.086591230376996,2023-01-25 08:00:00+08:00,1556.38,1598.0,2023-01-25 09:00:00+08:00,1549.06,1561.25,0 days 01:00:00,70.31587625563851
ETHUSDT - STETHUSDT,3.224246332419797,-3.212190906929981,2023-01-25 18:00:00+08:00,1545.15,1569.04,2023-01-25 19:00:00+08:00,1546.72,1556.45,0 days 01:00:00,25.49492919462769
ETHUSDT - STETHUSDT,-3.1633356742017322,3.186682217675889,2023-01-26 06:00:00+08:00,1617.89,1553.53,2023-01-26 07:00:00+08:00,1585.14,1604.52,0 days 01:00:00,245.8922087673306
ETHUSDT - STETHUSDT,3.1833143395577737,-3.165879417984728,2023-01-27 12:00:00+08:00,1565.81,1589.22,2023-01-27 13:00:00+08:00,1565.24,1579.53,0 days 01:00:00,8.863885618112985
ETHUSDT - STETHUSDT,3.167544076375823,-3.2047584253099,2023-01-27 19:00:00+08:00,1576.99,1606.99,2023-01-27 20:00:00+08:00,1578.72,1603.79,0 days 01:00:00,-4.550546560954411
ETHUSDT - STETHUSDT,3.1800546969407875,-3.1618753715203565,2023-01-27 23:00:00+08:00,1580.22,1606.99,2023-01-28 00:00:00+08:00,1575.35,1582.65,0 days 01:00:00,41.35305080866158
ETHUSDT - STETHUSDT,3.105782967886204,-3.084572817510503,2023-01-28 05:00:00+08:00,1598.79,1620.97,2023-01-28 06:00:00+08:00,1599.12,1620.97,0 days 01:00:00,-18.90710603143075
ETHUSDT - STETHUSDT,3.1267196958327084,-3.084572817510503,2023-01-28 07:00:00+08:00,1592.87,1620.04,2023-01-28 08:00:00+08:00,1597.73,1615.95,0 days 01:00:00,7.854001892105412
ETHUSDT - STETHUSDT,3.116760065576632,-3.118957020772254,2023-01-28 10:00:00+08:00,1595.64,1615.96,2023-01-28 11:00:00+08:00,1595.22,1581.13,0 days 01:00:00,87.40750248156834
ETHUSDT - STETHUSDT,3.1836791870156826,-3.163055511624229,2023-01-29 00:00:00+08:00,1578.31,1605.99,2023-01-29 01:00:00+08:00,1577.93,1605.99,0 days 01:00:00,-21.417924730518756
ETHUSDT - STETHUSDT,3.179185238407101,-3.193337420805232,2023-01-29 04:00:00+08:00,1577.13,1601.63,2023-01-29 05:00:00+08:00,1561.35,1555.01,0 days 01:00:00,78.64782157282905
ETHUSDT - STETHUSDT,3.1909733745181628,-3.1563066162499287,2023-01-29 07:00:00+08:00,1565.01,1584.13,2023-01-29 08:00:00+08:00,1572.27,1555.01,0 days 01:00:00,95.15905006445698
ETHUSDT - STETHUSDT,3.169351107054342,-3.0395691106828697,2023-01-30 22:00:00+08:00,1577.48,1644.98,2023-01-30 23:00:00+08:00,1596.47,1644.97,0 days 01:00:00,40.156980872142555
ETHUSDT - STETHUSDT,3.1319097759431744,-3.0395691106828697,2023-01-31 00:00:00+08:00,1584.98,1631.98,2023-01-31 01:00:00+08:00,1583.14,1583.94,0 days 01:00:00,120.56090899568139
ETHUSDT - STETHUSDT,3.16750394354241,-3.1936025753211164,2023-01-31 04:00:00+08:00,1555.0,1619.44,2023-01-31 05:00:00+08:00,1553.16,1562.45,0 days 01:00:00,156.16840235588342
ETHUSDT - STETHUSDT,-3.1637159742346967,3.2085218339910804,2023-02-02 04:00:00+08:00,1617.05,1557.92,2023-02-02 11:00:00+08:00,1669.83,1645.0,0 days 07:00:00,91.74175866991656
ETHUSDT - STETHUSDT,2.992059075214381,-3.034017403123824,2023-02-02 13:00:00+08:00,1673.09,1698.99,2023-02-02 14:00:00+08:00,1670.21,1698.99,0 days 01:00:00,-28.930011698247995
ETHUSDT - STETHUSDT,2.9936355308613884,-2.9429249142137386,2023-02-02 15:00:00+08:00,1666.34,1698.99,2023-02-02 16:00:00+08:00,1664.41,1696.46,0 days 01:00:00,-18.29572248598492
ETHUSDT - STETHUSDT,2.981567946951943,-2.9914862301888823,2023-02-02 22:00:00+08:00,1672.61,1698.99,2023-02-02 23:00:00+08:00,1656.68,1664.89,0 days 01:00:00,34.52379800438122
ETHUSDT - STETHUSDT,3.0180843614940724,-3.0032014127059443,2023-02-03 00:00:00+08:00,1678.51,1698.99,2023-02-03 01:00:00+08:00,1672.62,1665.66,0 days 01:00:00,62.101471516693834
ETHUSDT - STETHUSDT,2.975676817692184,-3.001813095109446,2023-02-03 06:00:00+08:00,1637.41,1689.99,2023-02-03 07:00:00+08:00,1656.02,1667.82,0 days 01:00:00,102.04784056524647
ETHUSDT - STETHUSDT,3.0421212102775024,-3.026964197067477,2023-02-03 09:00:00+08:00,1646.82,1679.98,2023-02-03 10:00:00+08:00,1644.75,1665.47,0 days 01:00:00,17.484147308982322
ETHUSDT - STETHUSDT,3.0399756801945585,-3.0021555476832367,2023-02-03 11:00:00+08:00,1639.1,1679.99,2023-02-03 12:00:00+08:00,1642.23,1616.05,0 days 01:00:00,181.60256142779696
ETHUSDT - STETHUSDT,3.047851264858275,-3.0737641931061614,2023-02-03 14:00:00+08:00,1644.21,1689.98,2023-02-03 15:00:00+08:00,1641.23,1689.97,0 days 01:00:00,-29.45456087145182
ETHUSDT - STETHUSDT,3.0464956160928085,-2.958632401758611,2023-02-03 16:00:00+08:00,1638.25,1659.03,2023-02-03 17:00:00+08:00,1641.15,1689.99,0 days 01:00:00,-102.66361868132965
ETHUSDT - STETHUSDT,3.0466441215001674,-2.958597388150226,2023-02-03 18:00:00+08:00,1642.28,1689.99,2023-02-03 19:00:00+08:00,1644.9,1616.22,0 days 01:00:00,206.44132502818383
ETHUSDT - STETHUSDT,3.039698461912578,-3.0936382423184963,2023-02-03 20:00:00+08:00,1648.9,1689.95,2023-02-03 21:00:00+08:00,1652.0,1689.52,0 days 01:00:00,-9.735268607569454
ETHUSDT - STETHUSDT,3.026634382566586,-2.9594204271035562,2023-02-03 22:00:00+08:00,1637.4,1682.9,2023-02-03 23:00:00+08:00,1662.21,1689.97,0 days 01:00:00,34.19924316082957
ETHUSDT - STETHUSDT,3.0080435083413044,-2.958632401758611,2023-02-04 00:00:00+08:00,1663.78,1685.24,2023-02-04 01:00:00+08:00,1657.17,1686.15,0 days 01:00:00,-42.53978885772732
ETHUSDT - STETHUSDT,3.0171919597868655,-2.965335231147881,2023-02-04 02:00:00+08:00,1660.22,1689.99,2023-02-04 03:00:00+08:00,1656.95,1689.99,0 days 01:00:00,-29.897530136324413
ETHUSDT - STETHUSDT,3.0200166704920215,-3.0701969838384833,2023-02-04 06:00:00+08:00,1657.19,1689.99,2023-02-04 07:00:00+08:00,1667.97,1689.99,0 days 01:00:00,12.136536674416263
ETHUSDT - STETHUSDT,2.9976558331384857,-2.958597388150226,2023-02-04 08:00:00+08:00,1663.69,1689.99,2023-02-04 09:00:00+08:00,1662.04,1690.0,0 days 01:00:00,-24.945141618477788
ETHUSDT - STETHUSDT,3.0083511828836853,-2.9585798816568047,2023-02-04 10:00:00+08:00,1657.36,1689.97,2023-02-04 11:00:00+08:00,1657.71,1635.37,0 days 01:00:00,142.7802056729608
ETHUSDT - STETHUSDT,3.0162091077450217,-3.0574120841155215,2023-02-04 12:00:00+08:00,1654.03,1689.99,2023-02-04 13:00:00+08:00,1652.3,1635.84,0 days 01:00:00,140.19980710753228
ETHUSDT - STETHUSDT,3.026084851419234,-3.0565336463223787,2023-02-04 14:00:00+08:00,1651.14,1688.96,2023-02-04 15:00:00+08:00,1654.02,1630.0,0 days 01:00:00,168.7821406409397
ETHUSDT - STETHUSDT,-2.973535533749628,3.0674658437678297,2023-02-05 03:00:00+08:00,1678.98,1587.59,2023-02-05 04:00:00+08:00,1676.13,1679.74,0 days 01:00:00,271.1425917944353
ETHUSDT - STETHUSDT,-2.983062172981809,2.976651148392013,2023-02-05 05:00:00+08:00,1679.19,1614.99,2023-02-05 09:00:00+08:00,1663.12,1654.32,0 days 04:00:00,145.3075848887475
ETHUSDT - STETHUSDT,-3.0023718737802865,3.022389864113352,2023-02-05 11:00:00+08:00,1661.18,1605.0,2023-02-05 12:00:00+08:00,1660.74,1645.68,0 days 01:00:00,104.47340183817063
ETHUSDT - STETHUSDT,-3.010706070787721,3.038257741480725,2023-02-05 13:00:00+08:00,1663.93,1605.01,2023-02-05 14:00:00+08:00,1666.77,1654.35,0 days 01:00:00,121.42669726137657
ETHUSDT - STETHUSDT,-2.999814011531285,3.0223350560643154,2023-02-05 15:00:00+08:00,1667.59,1605.01,2023-02-05 17:00:00+08:00,1670.17,1654.84,0 days 02:00:00,122.99841754629352
ETHUSDT - STETHUSDT,2.993707227407988,-3.0214401392279617,2023-02-05 18:00:00+08:00,1665.74,1711.15,2023-02-05 19:00:00+08:00,1668.78,1607.01,0 days 01:00:00,303.7454476342033
ETHUSDT - STETHUSDT,-2.996200817363583,3.111368317558696,2023-02-05 20:00:00+08:00,1662.51,1607.54,2023-02-05 21:00:00+08:00,1648.0,1673.29,0 days 01:00:00,227.92051745424342
ETHUSDT - STETHUSDT,3.050138171259158,-3.046978311608378,2023-02-06 02:00:00+08:00,1618.32,1640.96,2023-02-06 03:00:00+08:00,1615.93,1607.32,0 days 01:00:00,75.44817208277094
ETHUSDT - STETHUSDT,-3.0522794422875004,3.074841645655249,2023-02-08 02:00:00+08:00,1670.82,1602.03,2023-02-09 03:00:00+08:00,1646.78,1658.28,1 days 01:00:00,226.18546111721983
ETHUSDT - STETHUSDT,3.0590768929567815,-3.1248632872311837,2023-02-09 16:00:00+08:00,1630.05,1688.69,2023-02-09 17:00:00+08:00,1632.87,1600.08,0 days 01:00:00,265.26225291097967
ETHUSDT - STETHUSDT,-3.0620931243760987,3.1248437578121093,2023-02-09 18:00:00+08:00,1635.26,1582.87,2023-02-09 20:00:00+08:00,1633.64,1632.85,0 days 02:00:00,141.08198309379364
ETHUSDT - STETHUSDT,-3.0606498371734285,3.062130630492697,2023-02-09 21:00:00+08:00,1636.46,1580.01,2023-02-09 22:00:00+08:00,1640.27,1626.11,0 days 01:00:00,109.65666478808593
ETHUSDT - STETHUSDT,-3.048278637053656,3.0748227364692426,2023-02-09 23:00:00+08:00,1637.99,1575.37,2023-02-10 00:00:00+08:00,1632.14,1641.49,0 days 01:00:00,201.28016767468355
ETHUSDT - STETHUSDT,3.170215194207383,-3.1533605363235604,2023-02-10 06:00:00+08:00,1540.96,1583.41,2023-02-10 07:00:00+08:00,1538.34,1562.03,0 days 01:00:00,39.43213444487796
ETHUSDT - STETHUSDT,3.2502567702848526,-3.200962849625167,2023-02-10 08:00:00+08:00,1545.65,1583.42,2023-02-10 09:00:00+08:00,1548.76,1542.03,0 days 01:00:00,122.53407451067345
ETHUSDT - STETHUSDT,3.228389162943258,-3.2424790697976045,2023-02-10 10:00:00+08:00,1550.09,1594.92,2023-02-10 11:00:00+08:00,1549.29,1581.35,0 days 01:00:00,21.112735847930452
ETHUSDT - STETHUSDT,3.2272847562431823,-3.161855376735068,2023-02-10 12:00:00+08:00,1543.41,1574.05,2023-02-10 13:00:00+08:00,1538.56,1601.58,0 days 01:00:00,-122.68548717951619
ETHUSDT - STETHUSDT,3.2497920133111484,-3.121917106856979,2023-02-10 14:00:00+08:00,1542.14,1601.91,2023-02-10 15:00:00+08:00,1548.61,1525.47,0 days 01:00:00,239.85778218748632
ETHUSDT - STETHUSDT,3.228701868126901,-3.27767835486768,2023-02-10 16:00:00+08:00,1551.5,1600.95,2023-02-10 17:00:00+08:00,1550.88,1583.49,0 days 01:00:00,34.77223875573711
ETHUSDT - STETHUSDT,3.233441545843734,-3.285107948647193,2023-02-10 19:00:00+08:00,1546.41,1583.21,2023-02-10 20:00:00+08:00,1537.01,1523.01,0 days 01:00:00,147.19482163409737
ETHUSDT - STETHUSDT,3.2398317879335705,-3.2829940906106367,2023-02-11 00:00:00+08:00,1522.49,1560.17,2023-02-11 01:00:00+08:00,1519.99,1542.09,0 days 01:00:00,31.215129022717015
ETHUSDT - STETHUSDT,3.250700525963345,-3.299872624916678,2023-02-13 06:00:00+08:00,1511.3,1541.94,2023-02-13 07:00:00+08:00,1513.27,1534.46,0 days 01:00:00,11.103227837418068
ETHUSDT - STETHUSDT,3.3580485708145282,-3.3753679151027463,2023-02-14 00:00:00+08:00,1475.95,1499.23,2023-02-14 01:00:00+08:00,1475.76,1469.59,0 days 01:00:00,79.47503045451651
ETHUSDT - STETHUSDT,-3.351790526499256,3.4052754527313716,2023-02-14 08:00:00+08:00,1505.59,1442.44,2023-02-14 10:00:00+08:00,1499.05,1498.2,0 days 02:00:00,191.71425619274552
ETHUSDT - STETHUSDT,-3.302095509810526,3.334066828035501,2023-02-14 23:00:00+08:00,1554.45,1466.43,2023-02-15 05:00:00+08:00,1556.58,1536.95,0 days 06:00:00,207.7985414532963
ETHUSDT - STETHUSDT,-3.214710515318096,3.2537890373339753,2023-02-15 07:00:00+08:00,1554.23,1497.52,2023-02-15 10:00:00+08:00,1548.91,1534.19,0 days 03:00:00,116.57846238964919
ETHUSDT - STETHUSDT,-3.2135328294513856,3.2425631813435887,2023-02-15 20:00:00+08:00,1572.24,1508.99,2023-02-16 01:00:00+08:00,1576.3,1557.32,0 days 05:00:00,123.60549470333645
ETHUSDT - STETHUSDT,-3.162695375506822,3.2115306797525833,2023-02-16 03:00:00+08:00,1591.44,1509.87,2023-02-16 17:00:00+08:00,1682.13,1660.88,0 days 14:00:00,177.61213874150104
ETHUSDT - STETHUSDT,-2.9620502126752055,3.011159356575469,2023-02-16 19:00:00+08:00,1687.15,1628.27,2023-02-16 23:00:00+08:00,1678.81,1652.72,0 days 04:00:00,78.47661877079521
ETHUSDT - STETHUSDT,-2.9783001054318237,3.0253158429740066,2023-02-17 00:00:00+08:00,1724.39,1645.41,2023-02-17 06:00:00+08:00,1683.19,1656.31,0 days 06:00:00,135.544365333876
ETHUSDT - STETHUSDT,3.0152814463702042,-3.0473868657626086,2023-02-17 12:00:00+08:00,1663.82,1692.96,2023-02-17 13:00:00+08:00,1659.11,1692.66,0 days 01:00:00,-33.62462264972527
ETHUSDT - STETHUSDT,3.0144088744197264,-3.006831521216203,2023-02-18 00:00:00+08:00,1673.34,1695.19,2023-02-18 01:00:00+08:00,1672.84,1632.01,0 days 01:00:00,168.3733265484337
ETHUSDT - STETHUSDT,-2.9305575092605616,2.952639659855911,2023-02-18 05:00:00+08:00,1710.38,1649.34,2023-02-18 10:00:00+08:00,1702.41,1685.59,0 days 05:00:00,110.54150707571087
ETHUSDT - STETHUSDT,-2.952221251269455,3.0419916527749047,2023-02-18 18:00:00+08:00,1693.63,1637.09,2023-02-18 19:00:00+08:00,1687.25,1660.0,0 days 01:00:00,68.51637430573328
ETHUSDT - STETHUSDT,-2.95599120297018,3.048520248271489,2023-02-18 21:00:00+08:00,1698.36,1602.05,2023-02-19 00:00:00+08:00,1695.52,1679.99,0 days 03:00:00,225.9590383471417
ETHUSDT - STETHUSDT,-2.9479567711619077,2.9887324785558445,2023-02-19 20:00:00+08:00,1695.51,1635.17,2023-02-19 22:00:00+08:00,1695.71,1686.06,0 days 02:00:00,131.58356654822032
ETHUSDT - STETHUSDT,-2.967376660989086,3.0029128254406774,2023-02-20 05:00:00+08:00,1687.1,1635.38,2023-02-20 07:00:00+08:00,1685.65,1685.73,0 days 02:00:00,135.51813347232124
ETHUSDT - STETHUSDT,-3.0081520921697797,3.0119393274941872,2023-02-22 02:00:00+08:00,1677.75,1565.12,2023-02-22 04:00:00+08:00,1671.81,1672.38,0 days 02:00:00,321.10189619990524
ETHUSDT - STETHUSDT,3.0973369097250183,-3.063293775999706,2023-02-23 01:00:00+08:00,1605.95,1628.51,2023-02-23 02:00:00+08:00,1611.2,1610.36,0 days 01:00:00,51.97359305905728
ETHUSDT - STETHUSDT,3.103277060575968,-3.1048957996969624,2023-02-23 03:00:00+08:00,1611.73,1631.25,2023-02-23 04:00:00+08:00,1615.92,1631.52,0 days 01:00:00,-7.98244405504993
ETHUSDT - STETHUSDT,-3.0589646016616294,3.1117555902689182,2023-02-23 08:00:00+08:00,1643.48,1584.09,2023-02-23 09:00:00+08:00,1638.39,1615.55,0 days 01:00:00,93.47033887821442
ETHUSDT - STETHUSDT,3.03947672368725,-3.0258834066605744,2023-02-24 22:00:00+08:00,1635.13,1667.88,2023-02-24 23:00:00+08:00,1636.88,1646.35,0 days 01:00:00,50.49268221432686
ETHUSDT - STETHUSDT,3.0545916621865987,-3.03702128951924,2023-02-25 00:00:00+08:00,1602.21,1635.12,2023-02-25 01:00:00+08:00,1593.14,1656.2,0 days 01:00:00,-111.48185353748671
ETHUSDT - STETHUSDT,3.1384561306602055,-3.0189590629151066,2023-02-25 02:00:00+08:00,1593.4,1612.85,2023-02-25 03:00:00+08:00,1596.26,1608.36,0 days 01:00:00,2.795801621402326
ETHUSDT - STETHUSDT,3.1164880918990012,-3.108679432976871,2023-02-25 08:00:00+08:00,1607.76,1628.18,2023-02-25 09:00:00+08:00,1604.88,1608.99,0 days 01:00:00,30.60459451054943
ETHUSDT - STETHUSDT,3.1142170235559377,-3.1193072642427566,2023-02-25 11:00:00+08:00,1598.0,1646.4,2023-02-25 12:00:00+08:00,1598.44,1646.18,0 days 01:00:00,-18.168473486377287
ETHUSDT - STETHUSDT,3.1179845347967077,-3.094691366430026,2023-02-25 18:00:00+08:00,1601.9,1635.32,2023-02-25 19:00:00+08:00,1596.35,1602.26,0 days 01:00:00,65.0142774935141
ETHUSDT - STETHUSDT,-3.1250195313720712,3.130576339104029,2023-02-25 21:00:00+08:00,1602.49,1531.1,2023-02-25 22:00:00+08:00,1599.22,1582.0,0 days 01:00:00,149.81394604292797
ETHUSDT - STETHUSDT,3.1520683872757305,-3.1649175222493704,2023-02-26 04:00:00+08:00,1584.59,1609.13,2023-02-26 05:00:00+08:00,1571.83,1589.78,0 days 01:00:00,0.9472234238238642
ETHUSDT - STETHUSDT,3.1810055794837866,-3.1450892576331317,2023-02-26 06:00:00+08:00,1574.56,1601.89,2023-02-26 07:00:00+08:00,1591.97,1610.22,0 days 01:00:00,9.007591369790475
ETHUSDT - STETHUSDT,3.1269543464665417,-3.1247070587132453,2023-02-26 15:00:00+08:00,1600.0,1621.62,2023-02-26 16:00:00+08:00,1600.08,1579.15,0 days 01:00:00,112.94849245390976
ETHUSDT - STETHUSDT,3.1223655041059106,-3.173374121768712,2023-02-26 23:00:00+08:00,1603.1,1641.56,2023-02-27 00:00:00+08:00,1604.96,1641.53,0 days 01:00:00,-14.53240766324928
ETHUSDT - STETHUSDT,3.1153424384408335,-3.0459388497316526,2023-02-27 01:00:00+08:00,1601.68,1640.72,2023-02-27 02:00:00+08:00,1607.84,1639.18,0 days 01:00:00,3.8921265531222424
ETHUSDT - STETHUSDT,3.041066562864928,-3.026487821413007,2023-02-28 01:00:00+08:00,1638.52,1661.99,2023-02-28 02:00:00+08:00,1633.24,1661.48,0 days 01:00:00,-34.52140408055657
ETHUSDT - STETHUSDT,-3.0640822154540053,3.1605562579013906,2023-02-28 11:00:00+08:00,1630.15,1566.68,2023-02-28 12:00:00+08:00,1632.57,1631.99,0 days 01:00:00,178.8940314306739
ETHUSDT - STETHUSDT,-3.073027423696729,3.1484361717534903,2023-02-28 14:00:00+08:00,1626.5,1564.45,2023-02-28 16:00:00+08:00,1619.14,1624.56,0 days 02:00:00,191.85564495897896
ETHUSDT - STETHUSDT,3.0856197775885263,-3.0868580107052237,2023-02-28 18:00:00+08:00,1620.31,1689.99,2023-02-28 19:00:00+08:00,1626.11,1629.86,0 days 01:00:00,183.24424356852006
ETHUSDT - STETHUSDT,-3.041714066710873,3.1234968171567434,2023-03-01 03:00:00+08:00,1641.78,1579.1,2023-03-01 04:00:00+08:00,1627.91,1607.61,0 days 01:00:00,111.34032775343275
ETHUSDT - STETHUSDT,-3.08413520848754,3.164536933310549,2023-03-01 12:00:00+08:00,1637.92,1580.01,2023-03-01 18:00:00+08:00,1652.86,1624.89,0 days 06:00:00,75.65620267322085
ETHUSDT - STETHUSDT,3.0707626546128997,-3.0644953695474966,2023-03-02 23:00:00+08:00,1627.26,1657.87,2023-03-03 00:00:00+08:00,1628.28,1618.97,0 days 01:00:00,102.30219612375579
ETHUSDT - STETHUSDT,3.04295434351303,-3.0419546383724323,2023-03-03 10:00:00+08:00,1552.59,1572.02,2023-03-03 11:00:00+08:00,1564.6,1571.45,0 days 01:00:00,19.23203581232358
ETHUSDT - STETHUSDT,3.193337420805232,-3.1626153563951243,2023-03-04 05:00:00+08:00,1559.34,1582.2,2023-03-04 06:00:00+08:00,1559.58,1570.27,0 days 01:00:00,18.566588201714524
ETHUSDT - STETHUSDT,3.205991356647303,-3.184165780407191,2023-03-04 07:00:00+08:00,1566.68,1585.88,2023-03-04 08:00:00+08:00,1569.6,1570.3,0 days 01:00:00,38.86611069532279
ETHUSDT - STETHUSDT,-3.4087113026049374,3.396762206264988,2023-03-11 11:00:00+08:00,1464.48,1402.08,2023-03-11 13:00:00+08:00,1459.85,1461.99,0 days 02:00:00,199.58559565275291
ETHUSDT - STETHUSDT,2.8819108221515193,-2.8960324355632783,2023-03-14 22:00:00+08:00,1732.71,1754.6,2023-03-14 23:00:00+08:00,1758.87,1763.64,0 days 01:00:00,28.959294545486777
ETHUSDT - STETHUSDT,-2.7549575461042144,2.761149521768903,2023-03-18 11:00:00+08:00,1806.12,1678.43,2023-03-18 19:00:00+08:00,1815.32,1796.38,0 days 08:00:00,280.76059324298194
ETHUSDT - STETHUSDT,-2.7543353237996606,2.7833754550818868,2023-03-18 20:00:00+08:00,1813.14,1733.01,2023-03-19 00:00:00+08:00,1785.92,1781.69,0 days 04:00:00,190.77197686476254
